{"cameraMode":{"drawMode":0,"name":"Shaded","section":"Shading Mode"},"sceneLighting":false,"audioPlay":false,"sceneViewState":{"showFog":true,"showMaterialUpdate":true,"showSkybox":true,"showFlares":true,"showImageEffects":true,"showParticleSystems":true},"in2DMode":false,"pivot":{"x":0.00004349648952484131,"y":0.003254503011703491,"z":0.29185497760772707},"rotation":{"x":0.0341363251209259,"y":-0.9357730150222778,"z":0.09467434138059616,"w":0.3379354476928711},"size":1.4054267406463624,"orthographic":false}