{"cameraMode":{"drawMode":0,"name":"Shaded","section":"Shading Mode"},"sceneLighting":false,"audioPlay":false,"sceneViewState":{"showFog":true,"showMaterialUpdate":true,"showSkybox":true,"showFlares":true,"showImageEffects":true,"showParticleSystems":true},"in2DMode":false,"pivot":{"x":0.0,"y":0.18980924785137177,"z":-0.17635701596736909},"rotation":{"x":0.13142672181129456,"y":0.7604918479919434,"z":-0.16181713342666627,"w":0.6149751543998718},"size":1.2709269523620606,"orthographic":false}