{"cameraMode":{"drawMode":0,"name":"Shaded","section":"Shading Mode"},"sceneLighting":false,"audioPlay":false,"sceneViewState":{"showFog":true,"showMaterialUpdate":true,"showSkybox":true,"showFlares":true,"showImageEffects":true,"showParticleSystems":true},"in2DMode":false,"pivot":{"x":-0.01342800259590149,"y":0.04112550616264343,"z":0.43754398822784426},"rotation":{"x":-0.005541365593671799,"y":0.8158531188964844,"z":0.008547595702111721,"w":0.5781694650650024},"size":2.5213749408721926,"orthographic":false}