{"cameraMode":{"drawMode":0,"name":"Shaded","section":"Shading Mode"},"sceneLighting":false,"audioPlay":false,"sceneViewState":{"showFog":true,"showMaterialUpdate":true,"showSkybox":true,"showFlares":true,"showImageEffects":true,"showParticleSystems":true},"in2DMode":false,"pivot":{"x":-0.021199999377131463,"y":0.1005999967455864,"z":0.03060000017285347},"rotation":{"x":-0.10564263164997101,"y":-0.13448694348335267,"z":0.014306393451988697,"w":-0.9851640462875366},"size":0.3452344536781311,"orthographic":false}