{"cameraMode":{"drawMode":0,"name":"Shaded","section":"Shading Mode"},"sceneLighting":false,"audioPlay":false,"sceneViewState":{"showFog":true,"showMaterialUpdate":true,"showSkybox":true,"showFlares":true,"showImageEffects":true,"showParticleSystems":true},"in2DMode":false,"pivot":{"x":-0.011721000075340271,"y":0.35854649543762209,"z":-0.0012240000069141389},"rotation":{"x":0.11139578372240067,"y":-0.09434531629085541,"z":-0.011110523715615273,"w":-0.9892252087593079},"size":0.7267562747001648,"orthographic":false}