{"cameraMode":{"drawMode":0,"name":"Shaded","section":"Shading Mode"},"sceneLighting":false,"audioPlay":false,"sceneViewState":{"showFog":true,"showMaterialUpdate":true,"showSkybox":true,"showFlares":true,"showImageEffects":true,"showParticleSystems":true},"in2DMode":false,"pivot":{"x":-0.0001675039529800415,"y":-0.0001675039529800415,"z":0.029101504012942315},"rotation":{"x":-0.10268150269985199,"y":-0.8592040538787842,"z":0.1901378184556961,"w":-0.463759183883667},"size":0.4135264754295349,"orthographic":false}