{"cameraMode":{"drawMode":0,"name":"Shaded","section":"Shading Mode"},"sceneLighting":false,"audioPlay":false,"sceneViewState":{"showFog":true,"showMaterialUpdate":true,"showSkybox":true,"showFlares":true,"showImageEffects":true,"showParticleSystems":true},"in2DMode":false,"pivot":{"x":-0.0008020028471946716,"y":0.02528250217437744,"z":0.1866215169429779},"rotation":{"x":0.10763150453567505,"y":0.8362163305282593,"z":-0.17716564238071443,"w":0.5077105760574341},"size":0.22727864980697633,"orthographic":false}