{"cameraMode":{"drawMode":0,"name":"Shaded","section":"Shading Mode"},"sceneLighting":false,"audioPlay":false,"sceneViewState":{"showFog":true,"showMaterialUpdate":true,"showSkybox":true,"showFlares":true,"showImageEffects":true,"showParticleSystems":true},"in2DMode":false,"pivot":{"x":-0.0001675039529800415,"y":-0.0001675039529800415,"z":0.029101504012942315},"rotation":{"x":-0.09868242591619492,"y":-0.09721260517835617,"z":0.009593113325536251,"w":-0.9903128147125244},"size":0.4135264754295349,"orthographic":false}