{"cameraMode":{"drawMode":0,"name":"Shaded","section":"Shading Mode"},"sceneLighting":false,"audioPlay":false,"sceneViewState":{"showFog":true,"showMaterialUpdate":true,"showSkybox":true,"showFlares":true,"showImageEffects":true,"showParticleSystems":true},"in2DMode":false,"pivot":{"x":0.0,"y":0.05365915969014168,"z":0.2430025041103363},"rotation":{"x":0.16044434905052186,"y":0.6797305941581726,"z":-0.15547628700733186,"w":0.698606550693512},"size":2.201770544052124,"orthographic":false}