{"cameraMode":{"drawMode":0,"name":"Shaded","section":"Shading Mode"},"sceneLighting":false,"audioPlay":false,"sceneViewState":{"showFog":true,"showMaterialUpdate":true,"showSkybox":true,"showFlares":true,"showImageEffects":true,"showParticleSystems":true},"in2DMode":false,"pivot":{"x":-0.05232501029968262,"y":1.6890159845352173,"z":0.0014420002698898316},"rotation":{"x":-0.01912720873951912,"y":0.9749600887298584,"z":-0.09545394778251648,"w":-0.1999388337135315},"size":4.264930248260498,"orthographic":false}