{"cameraMode":{"drawMode":0,"name":"Shaded","section":"Shading Mode"},"sceneLighting":false,"audioPlay":false,"sceneViewState":{"showFog":true,"showMaterialUpdate":true,"showSkybox":true,"showFlares":true,"showImageEffects":true,"showParticleSystems":true},"in2DMode":false,"pivot":{"x":-0.002278500236570835,"y":0.0029010027647018434,"z":0.15161800384521485},"rotation":{"x":0.058620959520339969,"y":0.7989217638969421,"z":-0.07811091095209122,"w":0.5934528708457947},"size":0.7710908055305481,"orthographic":false}