{"cameraMode":{"drawMode":0,"name":"Shaded","section":"Shading Mode"},"sceneLighting":false,"audioPlay":false,"sceneViewState":{"showFog":true,"showMaterialUpdate":true,"showSkybox":true,"showFlares":true,"showImageEffects":true,"showParticleSystems":true},"in2DMode":false,"pivot":{"x":-0.0002651885151863098,"y":0.05102284252643585,"z":0.34714028239250185},"rotation":{"x":0.010982519015669823,"y":0.9887417554855347,"z":-0.09101981669664383,"w":0.11825645714998245},"size":0.8145496249198914,"orthographic":false}