{"cameraMode":{"drawMode":0,"name":"Shaded","section":"Shading Mode"},"sceneLighting":false,"audioPlay":false,"sceneViewState":{"showFog":true,"showMaterialUpdate":true,"showSkybox":true,"showFlares":true,"showImageEffects":true,"showParticleSystems":true},"in2DMode":false,"pivot":{"x":0.014223501086235047,"y":0.09551650285720825,"z":-0.05922585725784302},"rotation":{"x":-0.10915078967809677,"y":-0.09392783790826798,"z":0.009866279549896717,"w":-0.9895283579826355},"size":2.7730658054351808,"orthographic":false}