{"cameraMode":{"drawMode":0,"name":"Shaded","section":"Shading Mode"},"sceneLighting":false,"audioPlay":false,"sceneViewState":{"showFog":true,"showMaterialUpdate":true,"showSkybox":true,"showFlares":true,"showImageEffects":true,"showParticleSystems":true},"in2DMode":false,"pivot":{"x":-0.000572502613067627,"y":0.041667498648166659,"z":0.2126084864139557},"rotation":{"x":0.03199101611971855,"y":0.9176313877105713,"z":-0.07432550191879273,"w":0.38910794258117678},"size":1.205816626548767,"orthographic":false}