{"cameraMode":{"drawMode":0,"name":"Shaded","section":"Shading Mode"},"sceneLighting":false,"audioPlay":false,"sceneViewState":{"showFog":true,"showMaterialUpdate":true,"showSkybox":true,"showFlares":true,"showImageEffects":true,"showParticleSystems":true},"in2DMode":false,"pivot":{"x":-0.0034990012645721437,"y":0.008469492197036744,"z":0.08612698316574097},"rotation":{"x":-0.08810362964868546,"y":-0.7096863389015198,"z":0.09004021435976029,"w":-0.6931636333465576},"size":2.0869503021240236,"orthographic":false}