{"cameraMode":{"drawMode":0,"name":"Shaded","section":"Shading Mode"},"sceneLighting":false,"audioPlay":false,"sceneViewState":{"showFog":true,"showMaterialUpdate":true,"showSkybox":true,"showFlares":true,"showImageEffects":true,"showParticleSystems":true},"in2DMode":false,"pivot":{"x":-0.5099730491638184,"y":2.570000171661377,"z":-20.12803077697754},"rotation":{"x":0.09159446507692337,"y":-0.8240160942077637,"z":0.14027102291584016,"w":0.5412319898605347},"size":20.07681655883789,"orthographic":false}