{"cameraMode":{"drawMode":0,"name":"Shaded","section":"Shading Mode"},"sceneLighting":false,"audioPlay":false,"sceneViewState":{"showFog":true,"showMaterialUpdate":true,"showSkybox":true,"showFlares":true,"showImageEffects":true,"showParticleSystems":true},"in2DMode":false,"pivot":{"x":0.042725443840026858,"y":0.09382551908493042,"z":0.20243456959724427},"rotation":{"x":0.2435975819826126,"y":-0.6357951164245606,"z":0.2226390242576599,"w":0.6977511048316956},"size":0.6428141593933106,"orthographic":false}