{"cameraMode":{"drawMode":0,"name":"Shaded","section":"Shading Mode"},"sceneLighting":false,"audioPlay":false,"sceneViewState":{"showFog":true,"showMaterialUpdate":true,"showSkybox":true,"showFlares":true,"showImageEffects":true,"showParticleSystems":true},"in2DMode":false,"pivot":{"x":3.2382352352142336,"y":2.8437018394470217,"z":-54.73007583618164},"rotation":{"x":0.05998680368065834,"y":-0.9141755104064941,"z":0.14846594631671906,"w":0.37234750390052798},"size":30.287694931030275,"orthographic":false}