{"cameraMode":{"drawMode":0,"name":"Shaded","section":"Shading Mode"},"sceneLighting":false,"audioPlay":false,"sceneViewState":{"showFog":true,"showMaterialUpdate":true,"showSkybox":true,"showFlares":true,"showImageEffects":true,"showParticleSystems":true},"in2DMode":false,"pivot":{"x":0.00034649670124053955,"y":-0.00030200183391571045,"z":-0.00034299492835998535},"rotation":{"x":-0.08812709152698517,"y":-0.9024556875228882,"z":0.21952420473098756,"w":-0.3600229322910309},"size":0.4632304906845093,"orthographic":false}