{"cameraMode":{"drawMode":0,"name":"Shaded","section":"Shading Mode"},"sceneLighting":false,"audioPlay":false,"sceneViewState":{"showFog":true,"showMaterialUpdate":true,"showSkybox":true,"showFlares":true,"showImageEffects":true,"showParticleSystems":true},"in2DMode":false,"pivot":{"x":0.1501527726650238,"y":0.12116995453834534,"z":0.062368229031562808},"rotation":{"x":0.1586490422487259,"y":0.6646240949630737,"z":-0.1467285007238388,"w":0.7152454853057861},"size":1.4555506706237794,"orthographic":false}