{"cameraMode":{"drawMode":0,"name":"Shaded","section":"Shading Mode"},"sceneLighting":false,"audioPlay":false,"sceneViewState":{"showFog":true,"showMaterialUpdate":true,"showSkybox":true,"showFlares":true,"showImageEffects":true,"showParticleSystems":true},"in2DMode":false,"pivot":{"x":0.0,"y":0.2174919992685318,"z":0.4281679689884186},"rotation":{"x":-0.01657603494822979,"y":-0.7025433778762817,"z":0.015683652833104135,"w":-0.7112749814987183},"size":0.8316792845726013,"orthographic":false}