{"cameraMode":{"drawMode":0,"name":"Shaded","section":"Shading Mode"},"sceneLighting":false,"audioPlay":false,"sceneViewState":{"showFog":true,"showMaterialUpdate":true,"showSkybox":true,"showFlares":true,"showImageEffects":true,"showParticleSystems":true},"in2DMode":false,"pivot":{"x":0.01906599849462509,"y":0.3950185179710388,"z":-0.0014120005071163178},"rotation":{"x":0.11740176379680634,"y":-0.5692151188850403,"z":0.0830753743648529,"w":0.8095118403434753},"size":0.29392629861831667,"orthographic":false}