{"cameraMode":{"drawMode":0,"name":"Shaded","section":"Shading Mode"},"sceneLighting":false,"audioPlay":false,"sceneViewState":{"showFog":true,"showMaterialUpdate":true,"showSkybox":true,"showFlares":true,"showImageEffects":true,"showParticleSystems":true},"in2DMode":false,"pivot":{"x":206.52804565429688,"y":-49.004310607910159,"z":-156.68846130371095},"rotation":{"x":0.11507157236337662,"y":0.8378041982650757,"z":-0.19285160303115846,"w":0.49764546751976015},"size":28.578840255737306,"orthographic":false}