{"cameraMode":{"drawMode":0,"name":"Shaded","section":"Shading Mode"},"sceneLighting":false,"audioPlay":false,"sceneViewState":{"showFog":true,"showMaterialUpdate":true,"showSkybox":true,"showFlares":true,"showImageEffects":true,"showParticleSystems":true},"in2DMode":false,"pivot":{"x":0.0,"y":0.07280638813972473,"z":0.26158565282821658},"rotation":{"x":-0.0024634094443172218,"y":-0.9928045272827148,"z":0.11851703375577927,"w":-0.016934005543589593},"size":0.5943056344985962,"orthographic":false}