{"cameraMode":{"drawMode":0,"name":"Shaded","section":"Shading Mode"},"sceneLighting":false,"audioPlay":false,"sceneViewState":{"showFog":true,"showMaterialUpdate":true,"showSkybox":true,"showFlares":true,"showImageEffects":true,"showParticleSystems":true},"in2DMode":false,"pivot":{"x":0.0006588101387023926,"y":0.09515277296304703,"z":0.23886638879776},"rotation":{"x":-0.00008708106179255992,"y":-0.9957883954048157,"z":0.09168144315481186,"w":0.00005241579856374301},"size":0.7376500964164734,"orthographic":false}