{"cameraMode":{"drawMode":0,"name":"Shaded","section":"Shading Mode"},"sceneLighting":false,"audioPlay":false,"sceneViewState":{"showFog":true,"showMaterialUpdate":true,"showSkybox":true,"showFlares":true,"showImageEffects":true,"showParticleSystems":true},"in2DMode":false,"pivot":{"x":-0.028392836451530458,"y":0.09420159459114075,"z":0.29280734062194826},"rotation":{"x":0.03811180964112282,"y":0.9457896947860718,"z":-0.12007079273462296,"w":0.29935339093208315},"size":0.6902951002120972,"orthographic":false}