{"cameraMode":{"drawMode":0,"name":"Shaded","section":"Shading Mode"},"sceneLighting":false,"audioPlay":false,"sceneViewState":{"showFog":true,"showMaterialUpdate":true,"showSkybox":true,"showFlares":true,"showImageEffects":true,"showParticleSystems":true},"in2DMode":false,"pivot":{"x":-0.00004182857810519636,"y":0.0003358949616085738,"z":0.002162403892725706},"rotation":{"x":-0.04780065268278122,"y":-0.6551851034164429,"z":0.04144627973437309,"w":-0.7528146505355835},"size":2.7074146270751955,"orthographic":false}