{"cameraMode":{"drawMode":0,"name":"Shaded","section":"Shading Mode"},"sceneLighting":false,"audioPlay":false,"sceneViewState":{"showFog":true,"showMaterialUpdate":true,"showSkybox":true,"showFlares":true,"showImageEffects":true,"showParticleSystems":true},"in2DMode":false,"pivot":{"x":4.991888999938965e-7,"y":-5.066394805908203e-7,"z":0.0},"rotation":{"x":0.10713940858840943,"y":0.8541257381439209,"z":-0.1943758875131607,"w":0.47032809257507326},"size":1.0899113416671754,"orthographic":false}