{"cameraMode":{"drawMode":0,"name":"Shaded","section":"Shading Mode"},"sceneLighting":false,"audioPlay":false,"sceneViewState":{"showFog":true,"showMaterialUpdate":true,"showSkybox":true,"showFlares":true,"showImageEffects":true,"showParticleSystems":true},"in2DMode":false,"pivot":{"x":-0.0010414998978376389,"y":0.006855502724647522,"z":0.08246099948883057},"rotation":{"x":-0.2067413032054901,"y":-0.4740234911441803,"z":0.11495926976203919,"w":-0.848141610622406},"size":0.515316903591156,"orthographic":false}