{"cameraMode":{"drawMode":0,"name":"Shaded","section":"Shading Mode"},"sceneLighting":false,"audioPlay":false,"sceneViewState":{"showFog":true,"showMaterialUpdate":true,"showSkybox":true,"showFlares":true,"showImageEffects":true,"showParticleSystems":true},"in2DMode":false,"pivot":{"x":-0.06398187577724457,"y":0.05645427107810974,"z":0.40261441469192507},"rotation":{"x":0.09629559516906738,"y":0.6060327291488648,"z":-0.07410022616386414,"w":0.7861047983169556},"size":0.5806304216384888,"orthographic":false}