{"cameraMode":{"drawMode":0,"name":"Shaded","section":"Shading Mode"},"sceneLighting":false,"audioPlay":false,"sceneViewState":{"showFog":true,"showMaterialUpdate":true,"showSkybox":true,"showFlares":true,"showImageEffects":true,"showParticleSystems":true},"in2DMode":false,"pivot":{"x":0.0,"y":0.07280638813972473,"z":0.26158565282821658},"rotation":{"x":-0.1322881579399109,"y":-0.19758160412311555,"z":0.026463830843567849,"w":-0.9709588289260864},"size":1.4943057298660279,"orthographic":false}