{"cameraMode":{"drawMode":0,"name":"Shaded","section":"Shading Mode"},"sceneLighting":false,"audioPlay":false,"sceneViewState":{"showFog":true,"showMaterialUpdate":true,"showSkybox":true,"showFlares":true,"showImageEffects":true,"showParticleSystems":true},"in2DMode":false,"pivot":{"x":0.036846816539764407,"y":0.07872162759304047,"z":0.1557585895061493},"rotation":{"x":0.07345607876777649,"y":0.5822314620018005,"z":-0.052337128669023517,"w":0.8080047369003296},"size":0.2866537272930145,"orthographic":false}