{"cameraMode":{"drawMode":0,"name":"Shaded","section":"Shading Mode"},"sceneLighting":false,"audioPlay":false,"sceneViewState":{"showFog":true,"showMaterialUpdate":true,"showSkybox":true,"showFlares":true,"showImageEffects":true,"showParticleSystems":true},"in2DMode":false,"pivot":{"x":-0.0006570219993591309,"y":0.3382989764213562,"z":-0.0012179911136627198},"rotation":{"x":0.21723498404026032,"y":0.05596620589494705,"z":-0.012044262140989304,"w":0.9744392037391663},"size":2.040952205657959,"orthographic":false}