{"cameraMode":{"drawMode":0,"name":"Shaded","section":"Shading Mode"},"sceneLighting":false,"audioPlay":false,"sceneViewState":{"showFog":true,"showMaterialUpdate":true,"showSkybox":true,"showFlares":true,"showImageEffects":true,"showParticleSystems":true},"in2DMode":false,"pivot":{"x":14.145079612731934,"y":-0.000005928995960857719,"z":-22.138782501220704},"rotation":{"x":-0.09885929524898529,"y":-0.45393460988998415,"z":0.050654154270887378,"w":-0.8840839862823486},"size":0.9000555872917175,"orthographic":false}