{"cameraMode":{"drawMode":0,"name":"Shaded","section":"Shading Mode"},"sceneLighting":false,"audioPlay":false,"sceneViewState":{"showFog":true,"showMaterialUpdate":true,"showSkybox":true,"showFlares":true,"showImageEffects":true,"showParticleSystems":true},"in2DMode":false,"pivot":{"x":-0.0002695024013519287,"y":0.06433700025081635,"z":0.1202705055475235},"rotation":{"x":-0.03001377545297146,"y":-0.8458950519561768,"z":0.047034211456775668,"w":-0.5304229855537415},"size":0.7197901606559753,"orthographic":false}