{"cameraMode":{"drawMode":0,"name":"Shaded","section":"Shading Mode"},"sceneLighting":false,"audioPlay":false,"sceneViewState":{"showFog":true,"showMaterialUpdate":true,"showSkybox":true,"showFlares":true,"showImageEffects":true,"showParticleSystems":true},"in2DMode":false,"pivot":{"x":-0.0001675039529800415,"y":-0.0001675039529800415,"z":0.029101504012942315},"rotation":{"x":0.09033188968896866,"y":0.8318414092063904,"z":-0.1410807967185974,"w":0.5291277766227722},"size":1.9135262966156006,"orthographic":false}