{"cameraMode":{"drawMode":0,"name":"Shaded","section":"Shading Mode"},"sceneLighting":false,"audioPlay":false,"sceneViewState":{"showFog":true,"showMaterialUpdate":true,"showSkybox":true,"showFlares":true,"showImageEffects":true,"showParticleSystems":true},"in2DMode":false,"pivot":{"x":-0.20523667335510255,"y":-0.2983826994895935,"z":-0.03950038552284241},"rotation":{"x":0.06873012334108353,"y":-0.23681329190731049,"z":0.016774630174040796,"w":0.9689759016036987},"size":50.88157272338867,"orthographic":false}