{"cameraMode":{"drawMode":0,"name":"Shaded","section":"Shading Mode"},"sceneLighting":false,"audioPlay":false,"sceneViewState":{"showFog":true,"showMaterialUpdate":true,"showSkybox":true,"showFlares":true,"showImageEffects":true,"showParticleSystems":true},"in2DMode":false,"pivot":{"x":-0.03479364514350891,"y":0.0350206196308136,"z":-0.0009661316871643066},"rotation":{"x":0.12386247515678406,"y":0.5886678099632263,"z":-0.09133128821849823,"w":0.7935912013053894},"size":0.5311346054077148,"orthographic":false}