{"cameraMode":{"drawMode":0,"name":"Shaded","section":"Shading Mode"},"sceneLighting":false,"audioPlay":false,"sceneViewState":{"showFog":true,"showMaterialUpdate":true,"showSkybox":true,"showFlares":true,"showImageEffects":true,"showParticleSystems":true},"in2DMode":false,"pivot":{"x":4.991888999938965e-7,"y":0.0356689989566803,"z":0.06484749913215637},"rotation":{"x":0.18691697716712953,"y":0.29054129123687746,"z":-0.057452838867902759,"w":0.9366680979728699},"size":1.3263063430786133,"orthographic":false}