{"cameraMode":{"drawMode":0,"name":"Shaded","section":"Shading Mode"},"sceneLighting":false,"audioPlay":false,"sceneViewState":{"showFog":true,"showMaterialUpdate":true,"showSkybox":true,"showFlares":true,"showImageEffects":true,"showParticleSystems":true},"in2DMode":false,"pivot":{"x":-0.0034990012645721437,"y":0.008469492197036744,"z":0.17892852425575257},"rotation":{"x":-0.0566943921148777,"y":-0.642937183380127,"z":0.047169044613838199,"w":-0.7623599767684937},"size":2.3783938884735109,"orthographic":false}