{"cameraMode":{"drawMode":0,"name":"Shaded","section":"Shading Mode"},"sceneLighting":false,"audioPlay":false,"sceneViewState":{"showFog":true,"showMaterialUpdate":true,"showSkybox":true,"showFlares":true,"showImageEffects":true,"showParticleSystems":true},"in2DMode":false,"pivot":{"x":-0.01342800259590149,"y":0.04112550616264343,"z":0.43754398822784426},"rotation":{"x":-0.150542750954628,"y":-0.3140997290611267,"z":0.050065599381923679,"w":-0.936040461063385},"size":2.5213749408721926,"orthographic":false}