{"cameraMode":{"drawMode":0,"name":"Shaded","section":"Shading Mode"},"sceneLighting":false,"audioPlay":false,"sceneViewState":{"showFog":true,"showMaterialUpdate":true,"showSkybox":true,"showFlares":true,"showImageEffects":true,"showParticleSystems":true},"in2DMode":false,"pivot":{"x":0.0,"y":0.08987694978713989,"z":0.22814074158668519},"rotation":{"x":0.18691697716712953,"y":0.29054129123687746,"z":-0.057452838867902759,"w":0.9366680979728699},"size":0.816922128200531,"orthographic":false}