{"cameraMode":{"drawMode":0,"name":"Shaded","section":"Shading Mode"},"sceneLighting":false,"audioPlay":false,"sceneViewState":{"showFog":true,"showMaterialUpdate":true,"showSkybox":true,"showFlares":true,"showImageEffects":true,"showParticleSystems":true},"in2DMode":false,"pivot":{"x":0.0,"y":0.039250992238521579,"z":0.16355149447917939},"rotation":{"x":0.17106550931930543,"y":0.5285287499427795,"z":-0.10910604149103165,"w":0.8243117928504944},"size":1.0830104351043702,"orthographic":false}