{"cameraMode":{"drawMode":0,"name":"Shaded","section":"Shading Mode"},"sceneLighting":false,"audioPlay":false,"sceneViewState":{"showFog":true,"showMaterialUpdate":true,"showSkybox":true,"showFlares":true,"showImageEffects":true,"showParticleSystems":true},"in2DMode":false,"pivot":{"x":-0.0008390024304389954,"y":-0.037338986992836,"z":0.2206650674343109},"rotation":{"x":-0.17297685146331788,"y":-0.5936337113380432,"z":0.1319618672132492,"w":-0.7747671008110046},"size":1.1306302547454835,"orthographic":false}