{"cameraMode":{"drawMode":0,"name":"Shaded","section":"Shading Mode"},"sceneLighting":false,"audioPlay":false,"sceneViewState":{"showFog":true,"showMaterialUpdate":true,"showSkybox":true,"showFlares":true,"showImageEffects":true,"showParticleSystems":true},"in2DMode":false,"pivot":{"x":-1.7190542221069337,"y":0.6246414184570313,"z":-5.76422643661499},"rotation":{"x":0.17563466727733613,"y":-0.6557724475860596,"z":0.16062234342098237,"w":0.7164604067802429},"size":9.873125076293946,"orthographic":false}