{"cameraMode":{"drawMode":0,"name":"Shaded","section":"Shading Mode"},"sceneLighting":false,"audioPlay":false,"sceneViewState":{"showFog":true,"showMaterialUpdate":true,"showSkybox":true,"showFlares":true,"showImageEffects":true,"showParticleSystems":true},"in2DMode":false,"pivot":{"x":0.07405053079128266,"y":0.026156514883041383,"z":0.1557181179523468},"rotation":{"x":0.14978435635566712,"y":-0.2342526763677597,"z":0.03661555051803589,"w":0.9598696231842041},"size":0.5754022002220154,"orthographic":false}