{"cameraMode":{"drawMode":0,"name":"Shaded","section":"Shading Mode"},"sceneLighting":false,"audioPlay":false,"sceneViewState":{"showFog":true,"showMaterialUpdate":true,"showSkybox":true,"showFlares":true,"showImageEffects":true,"showParticleSystems":true},"in2DMode":false,"pivot":{"x":-0.002684514969587326,"y":-0.009855896234512329,"z":-0.14751267433166505},"rotation":{"x":-0.12834082543849946,"y":0.626254677772522,"z":-0.10534349083900452,"w":-0.7617325186729431},"size":0.777158796787262,"orthographic":false}