{"cameraMode":{"drawMode":0,"name":"Shaded","section":"Shading Mode"},"sceneLighting":false,"audioPlay":false,"sceneViewState":{"showFog":true,"showMaterialUpdate":true,"showSkybox":true,"showFlares":true,"showImageEffects":true,"showParticleSystems":true},"in2DMode":false,"pivot":{"x":0.00006249919533729553,"y":0.06670249998569489,"z":0.3581695556640625},"rotation":{"x":0.2193097323179245,"y":0.6457623839378357,"z":-0.2006596028804779,"w":0.7032994031906128},"size":0.8458768725395203,"orthographic":false}