{"cameraMode":{"drawMode":0,"name":"Shaded","section":"Shading Mode"},"sceneLighting":false,"audioPlay":false,"sceneViewState":{"showFog":true,"showMaterialUpdate":true,"showSkybox":true,"showFlares":true,"showImageEffects":true,"showParticleSystems":true},"in2DMode":false,"pivot":{"x":-0.0003015007823705673,"y":-0.013567507266998291,"z":0.14466099441051484},"rotation":{"x":-0.20856095850467683,"y":0.04142198711633682,"z":-0.009350410662591458,"w":-0.977087140083313},"size":0.49646735191345217,"orthographic":false}