{"cameraMode":{"drawMode":0,"name":"Shaded","section":"Shading Mode"},"sceneLighting":false,"audioPlay":false,"sceneViewState":{"showFog":true,"showMaterialUpdate":true,"showSkybox":true,"showFlares":true,"showImageEffects":true,"showParticleSystems":true},"in2DMode":false,"pivot":{"x":-0.06800000369548798,"y":0.1457040011882782,"z":-0.15862548351287843},"rotation":{"x":0.031992968171834949,"y":0.9528136849403381,"z":-0.10793063789606095,"w":0.2819106876850128},"size":0.7071029543876648,"orthographic":false}