{"cameraMode":{"drawMode":0,"name":"Shaded","section":"Shading Mode"},"sceneLighting":false,"audioPlay":false,"sceneViewState":{"showFog":true,"showMaterialUpdate":true,"showSkybox":true,"showFlares":true,"showImageEffects":true,"showParticleSystems":true},"in2DMode":false,"pivot":{"x":-0.0009665004909038544,"y":0.024763494729995729,"z":0.17380300164222718},"rotation":{"x":0.029228009283542634,"y":0.7059808373451233,"z":-0.028478631749749185,"w":0.7070543169975281},"size":0.5600537061691284,"orthographic":false}