{"cameraMode":{"drawMode":0,"name":"Shaded","section":"Shading Mode"},"sceneLighting":false,"audioPlay":false,"sceneViewState":{"showFog":true,"showMaterialUpdate":true,"showSkybox":true,"showFlares":true,"showImageEffects":true,"showParticleSystems":true},"in2DMode":false,"pivot":{"x":-0.0008210018277168274,"y":-0.011323004961013794,"z":0.17945899069309236},"rotation":{"x":-0.3465925455093384,"y":-0.5009559988975525,"z":0.2280515879392624,"w":-0.7595454454421997},"size":2.0432848930358888,"orthographic":false}