{"cameraMode":{"drawMode":0,"name":"Shaded","section":"Shading Mode"},"sceneLighting":false,"audioPlay":false,"sceneViewState":{"showFog":true,"showMaterialUpdate":true,"showSkybox":true,"showFlares":true,"showImageEffects":true,"showParticleSystems":true},"in2DMode":false,"pivot":{"x":-0.0002695024013519287,"y":0.06433700025081635,"z":0.1202705055475235},"rotation":{"x":-0.15668857097625733,"y":-0.7081230878829956,"z":0.16535872220993043,"w":-0.6683313846588135},"size":0.7197901606559753,"orthographic":false}