{"cameraMode":{"drawMode":0,"name":"Shaded","section":"Shading Mode"},"sceneLighting":false,"audioPlay":false,"sceneViewState":{"showFog":true,"showMaterialUpdate":true,"showSkybox":true,"showFlares":true,"showImageEffects":true,"showParticleSystems":true},"in2DMode":false,"pivot":{"x":0.00034649670124053955,"y":-0.00030200183391571045,"z":-0.00034299492835998535},"rotation":{"x":0.041008785367012027,"y":-0.9576306343078613,"z":0.2255546897649765,"w":0.17431841790676118},"size":0.4632303714752197,"orthographic":false}