{"cameraMode":{"drawMode":0,"name":"Shaded","section":"Shading Mode"},"sceneLighting":false,"audioPlay":false,"sceneViewState":{"showFog":true,"showMaterialUpdate":true,"showSkybox":true,"showFlares":true,"showImageEffects":true,"showParticleSystems":true},"in2DMode":false,"pivot":{"x":-0.0005035027861595154,"y":-0.0016629993915557862,"z":0.15332350134849549},"rotation":{"x":-0.23029007017612458,"y":-0.061456505209207538,"z":0.014063947834074498,"w":-0.9710776805877686},"size":0.8040916919708252,"orthographic":false}