{"cameraMode":{"drawMode":0,"name":"Shaded","section":"Shading Mode"},"sceneLighting":false,"audioPlay":false,"sceneViewState":{"showFog":true,"showMaterialUpdate":true,"showSkybox":true,"showFlares":true,"showImageEffects":true,"showParticleSystems":true},"in2DMode":false,"pivot":{"x":-0.00025200098752975464,"y":0.00833900272846222,"z":0.2700694799423218},"rotation":{"x":0.1446646898984909,"y":0.7818476557731628,"z":-0.1962842345237732,"w":0.5738109946250916},"size":1.9835485219955445,"orthographic":false}