{"cameraMode":{"drawMode":0,"name":"Shaded","section":"Shading Mode"},"sceneLighting":false,"audioPlay":false,"sceneViewState":{"showFog":true,"showMaterialUpdate":true,"showSkybox":true,"showFlares":true,"showImageEffects":true,"showParticleSystems":true},"in2DMode":false,"pivot":{"x":0.14105302095413209,"y":6.0636982917785648,"z":1.1797738075256348},"rotation":{"x":0.004675594624131918,"y":-0.8219400644302368,"z":-0.007700346410274506,"w":-0.5695027709007263},"size":1.1728215217590333,"orthographic":false}