{"cameraMode":{"drawMode":0,"name":"Shaded","section":"Shading Mode"},"sceneLighting":false,"audioPlay":false,"sceneViewState":{"showFog":true,"showMaterialUpdate":true,"showSkybox":true,"showFlares":true,"showImageEffects":true,"showParticleSystems":true},"in2DMode":false,"pivot":{"x":-0.10933208465576172,"y":0.12972307205200196,"z":0.07375812530517578},"rotation":{"x":-0.03444203734397888,"y":0.9205588698387146,"z":-0.08463871479034424,"w":-0.37976497411727908},"size":22.0,"orthographic":false}