{"cameraMode":{"drawMode":0,"name":"Shaded","section":"Shading Mode"},"sceneLighting":false,"audioPlay":false,"sceneViewState":{"showFog":true,"showMaterialUpdate":true,"showSkybox":true,"showFlares":true,"showImageEffects":true,"showParticleSystems":true},"in2DMode":false,"pivot":{"x":-0.005465507507324219,"y":-0.0002745091915130615,"z":0.0010229945182800294},"rotation":{"x":0.14886224269866944,"y":-0.4666363298892975,"z":0.07999017089605332,"w":0.8681544661521912},"size":1.5432573556900025,"orthographic":false}