{"cameraMode":{"drawMode":0,"name":"Shaded","section":"Shading Mode"},"sceneLighting":false,"audioPlay":false,"sceneViewState":{"showFog":true,"showMaterialUpdate":true,"showSkybox":true,"showFlares":true,"showImageEffects":true,"showParticleSystems":true},"in2DMode":false,"pivot":{"x":-0.02651304006576538,"y":0.0820884108543396,"z":0.45510315895080569},"rotation":{"x":0.39568185806274416,"y":-0.5596486330032349,"z":0.346477210521698,"w":0.6404551863670349},"size":0.7549335360527039,"orthographic":false}