{"cameraMode":{"drawMode":0,"name":"Shaded","section":"Shading Mode"},"sceneLighting":false,"audioPlay":false,"sceneViewState":{"showFog":true,"showMaterialUpdate":true,"showSkybox":true,"showFlares":true,"showImageEffects":true,"showParticleSystems":true},"in2DMode":false,"pivot":{"x":0.000015914440155029297,"y":0.0017678141593933106,"z":0.000015974044799804688},"rotation":{"x":-0.15168002247810365,"y":-0.7133737206459045,"z":0.16203834116458894,"w":-0.6647064685821533},"size":0.46131670475006106,"orthographic":false}