{"cameraMode":{"drawMode":0,"name":"Shaded","section":"Shading Mode"},"sceneLighting":false,"audioPlay":false,"sceneViewState":{"showFog":true,"showMaterialUpdate":true,"showSkybox":true,"showFlares":true,"showImageEffects":true,"showParticleSystems":true},"in2DMode":false,"pivot":{"x":0.037763893604278567,"y":0.08801540732383728,"z":0.37149372696876528},"rotation":{"x":-0.0980532094836235,"y":-0.8859589099884033,"z":0.21846221387386323,"w":-0.39716094732284548},"size":0.6937733888626099,"orthographic":false}