{"cameraMode":{"drawMode":0,"name":"Shaded","section":"Shading Mode"},"sceneLighting":false,"audioPlay":false,"sceneViewState":{"showFog":true,"showMaterialUpdate":true,"showSkybox":true,"showFlares":true,"showImageEffects":true,"showParticleSystems":true},"in2DMode":false,"pivot":{"x":-0.015019774436950684,"y":0.10149286687374115,"z":-0.05830813944339752},"rotation":{"x":-0.01939239539206028,"y":0.9482949376106262,"z":-0.058648280799388888,"w":-0.3113217353820801},"size":0.6327310800552368,"orthographic":false}