{"cameraMode":{"drawMode":0,"name":"Shaded","section":"Shading Mode"},"sceneLighting":false,"audioPlay":false,"sceneViewState":{"showFog":true,"showMaterialUpdate":true,"showSkybox":true,"showFlares":true,"showImageEffects":true,"showParticleSystems":true},"in2DMode":false,"pivot":{"x":-0.0017569959163665772,"y":-0.011772990226745606,"z":0.3941459655761719},"rotation":{"x":-0.2171526700258255,"y":0.6175957918167114,"z":-0.18355633318424226,"w":-0.7332989573478699},"size":1.828162431716919,"orthographic":false}