{"cameraMode":{"drawMode":0,"name":"Shaded","section":"Shading Mode"},"sceneLighting":false,"audioPlay":false,"sceneViewState":{"showFog":true,"showMaterialUpdate":true,"showSkybox":true,"showFlares":true,"showImageEffects":true,"showParticleSystems":true},"in2DMode":false,"pivot":{"x":0.00018531829118728638,"y":-0.008362501859664917,"z":0.25889450311660769},"rotation":{"x":0.15463729202747346,"y":0.259196400642395,"z":-0.04156225547194481,"w":0.9524585008621216},"size":2.1776204109191896,"orthographic":false}