{"cameraMode":{"drawMode":0,"name":"Shaded","section":"Shading Mode"},"sceneLighting":false,"audioPlay":false,"sceneViewState":{"showFog":true,"showMaterialUpdate":true,"showSkybox":true,"showFlares":true,"showImageEffects":true,"showParticleSystems":true},"in2DMode":false,"pivot":{"x":-0.15506243705749513,"y":0.15110979974269868,"z":0.568915843963623},"rotation":{"x":-0.11714687943458557,"y":-0.6948583722114563,"z":0.11557669937610626,"w":-0.7000646591186523},"size":0.9730660319328308,"orthographic":false}