{"cameraMode":{"drawMode":0,"name":"Shaded","section":"Shading Mode"},"sceneLighting":false,"audioPlay":false,"sceneViewState":{"showFog":true,"showMaterialUpdate":true,"showSkybox":true,"showFlares":true,"showImageEffects":true,"showParticleSystems":true},"in2DMode":false,"pivot":{"x":-0.028647497296333314,"y":0.011923499405384064,"z":0.20704948902130128},"rotation":{"x":0.19995518028736115,"y":0.23447903990745545,"z":-0.04884311929345131,"w":0.9500799179077148},"size":1.6975510120391846,"orthographic":false}