{"cameraMode":{"drawMode":0,"name":"Shaded","section":"Shading Mode"},"sceneLighting":false,"audioPlay":false,"sceneViewState":{"showFog":true,"showMaterialUpdate":true,"showSkybox":true,"showFlares":true,"showImageEffects":true,"showParticleSystems":true},"in2DMode":false,"pivot":{"x":-4.4275712966918949,"y":2.7801976203918459,"z":-22.324230194091798},"rotation":{"x":0.05042719468474388,"y":-0.9192666411399841,"z":0.12673072516918183,"w":0.36924970149993899},"size":21.043445587158204,"orthographic":false}