{"cameraMode":{"drawMode":0,"name":"Shaded","section":"Shading Mode"},"sceneLighting":false,"audioPlay":false,"sceneViewState":{"showFog":true,"showMaterialUpdate":true,"showSkybox":true,"showFlares":true,"showImageEffects":true,"showParticleSystems":true},"in2DMode":false,"pivot":{"x":-0.00008946657180786133,"y":0.006575871258974075,"z":-0.0037719225510954859},"rotation":{"x":0.05560864508152008,"y":0.7020165920257568,"z":-0.05502106994390488,"w":0.707850992679596},"size":0.48420172929763796,"orthographic":false}