{"cameraMode":{"drawMode":0,"name":"Shaded","section":"Shading Mode"},"sceneLighting":false,"audioPlay":false,"sceneViewState":{"showFog":true,"showMaterialUpdate":true,"showSkybox":true,"showFlares":true,"showImageEffects":true,"showParticleSystems":true},"in2DMode":false,"pivot":{"x":-0.03201201558113098,"y":0.10779999941587448,"z":0.001759817823767662},"rotation":{"x":-0.0896989032626152,"y":-0.7637997269630432,"z":0.10858059674501419,"w":-0.6299002766609192},"size":1.6058199405670167,"orthographic":false}