{"cameraMode":{"drawMode":0,"name":"Shaded","section":"Shading Mode"},"sceneLighting":true,"audioPlay":false,"sceneViewState":{"showFog":true,"showMaterialUpdate":true,"showSkybox":true,"showFlares":true,"showImageEffects":true,"showParticleSystems":true},"in2DMode":false,"pivot":{"x":14.228191375732422,"y":0.1819160431623459,"z":-22.173608779907228},"rotation":{"x":0.16286633908748628,"y":0.23124659061431886,"z":-0.039192963391542438,"w":0.9583650827407837},"size":1.6697887182235718,"orthographic":false}