{"cameraMode":{"drawMode":0,"name":"Shaded","section":"Shading Mode"},"sceneLighting":false,"audioPlay":false,"sceneViewState":{"showFog":true,"showMaterialUpdate":true,"showSkybox":true,"showFlares":true,"showImageEffects":true,"showParticleSystems":true},"in2DMode":false,"pivot":{"x":8.344650268554688e-7,"y":0.8256690502166748,"z":0.06127797067165375},"rotation":{"x":-0.005293927155435085,"y":-0.7207422852516174,"z":-0.00486874021589756,"w":0.6931658387184143},"size":4.508403778076172,"orthographic":false}