{"cameraMode":{"drawMode":0,"name":"Shaded","section":"Shading Mode"},"sceneLighting":false,"audioPlay":false,"sceneViewState":{"showFog":true,"showMaterialUpdate":true,"showSkybox":true,"showFlares":true,"showImageEffects":true,"showParticleSystems":true},"in2DMode":false,"pivot":{"x":-0.0014140009880065919,"y":0.03258499503135681,"z":0.43455201387405398},"rotation":{"x":0.11507157236337662,"y":0.8378041982650757,"z":-0.19285160303115846,"w":0.49764546751976015},"size":0.46503961086273196,"orthographic":false}