{"cameraMode":{"drawMode":0,"name":"Shaded","section":"Shading Mode"},"sceneLighting":false,"audioPlay":false,"sceneViewState":{"showFog":true,"showMaterialUpdate":true,"showSkybox":true,"showFlares":true,"showImageEffects":true,"showParticleSystems":true},"in2DMode":false,"pivot":{"x":-0.0008020028471946716,"y":0.02528250217437744,"z":0.1866215169429779},"rotation":{"x":-0.11262611299753189,"y":0.8530614972114563,"z":-0.20635592937469483,"w":-0.4658527374267578},"size":1.1272786855697632,"orthographic":false}