{"cameraMode":{"drawMode":0,"name":"Shaded","section":"Shading Mode"},"sceneLighting":false,"audioPlay":false,"sceneViewState":{"showFog":true,"showMaterialUpdate":true,"showSkybox":true,"showFlares":true,"showImageEffects":true,"showParticleSystems":true},"in2DMode":false,"pivot":{"x":-0.0012299716472625733,"y":0.14286790788173676,"z":0.3832487165927887},"rotation":{"x":-0.007914145477116108,"y":-0.9836269617080689,"z":0.04156108573079109,"w":-0.17517995834350587},"size":1.0758752822875977,"orthographic":false}