{"cameraMode":{"drawMode":0,"name":"Shaded","section":"Shading Mode"},"sceneLighting":false,"audioPlay":false,"sceneViewState":{"showFog":true,"showMaterialUpdate":true,"showSkybox":true,"showFlares":true,"showImageEffects":true,"showParticleSystems":true},"in2DMode":false,"pivot":{"x":0.0007640011608600616,"y":-0.0016820002347230912,"z":0.11408999562263489},"rotation":{"x":0.24267461895942689,"y":0.2505316734313965,"z":-0.06449806690216065,"w":0.9349774718284607},"size":0.44583967328071597,"orthographic":false}