{"cameraMode":{"drawMode":0,"name":"Shaded","section":"Shading Mode"},"sceneLighting":false,"audioPlay":false,"sceneViewState":{"showFog":true,"showMaterialUpdate":true,"showSkybox":true,"showFlares":true,"showImageEffects":true,"showParticleSystems":true},"in2DMode":false,"pivot":{"x":0.0,"y":-0.011399999260902405,"z":-0.0632999986410141},"rotation":{"x":-0.1234813705086708,"y":-0.7721644639968872,"z":0.15727633237838746,"w":-0.6031405925750732},"size":0.4321903884410858,"orthographic":false}