{"cameraMode":{"drawMode":0,"name":"Shaded","section":"Shading Mode"},"sceneLighting":false,"audioPlay":false,"sceneViewState":{"showFog":true,"showMaterialUpdate":true,"showSkybox":true,"showFlares":true,"showImageEffects":true,"showParticleSystems":true},"in2DMode":false,"pivot":{"x":-0.11184586584568024,"y":0.15451563894748689,"z":-0.07322890311479569},"rotation":{"x":-0.26572275161743166,"y":-0.6913678646087647,"z":0.3078543543815613,"w":-0.5971831679344177},"size":0.18644864857196809,"orthographic":false}