{"cameraMode":{"drawMode":0,"name":"Shaded","section":"Shading Mode"},"sceneLighting":false,"audioPlay":false,"sceneViewState":{"showFog":true,"showMaterialUpdate":true,"showSkybox":true,"showFlares":true,"showImageEffects":true,"showParticleSystems":true},"in2DMode":false,"pivot":{"x":-0.0008210018277168274,"y":-0.011323004961013794,"z":0.17945899069309236},"rotation":{"x":0.26739081740379336,"y":-0.5684898495674133,"z":0.20292901992797852,"w":0.7510934472084045},"size":0.5432850122451782,"orthographic":false}