{"cameraMode":{"drawMode":0,"name":"Shaded","section":"Shading Mode"},"sceneLighting":false,"audioPlay":false,"sceneViewState":{"showFog":true,"showMaterialUpdate":true,"showSkybox":true,"showFlares":true,"showImageEffects":true,"showParticleSystems":true},"in2DMode":false,"pivot":{"x":-0.0015100017189979554,"y":-0.01851172000169754,"z":-0.0020446032285690309},"rotation":{"x":0.07431613653898239,"y":-0.8314011096954346,"z":0.11577063798904419,"w":0.5383739471435547},"size":1.0674691200256348,"orthographic":false}