{"cameraMode":{"drawMode":0,"name":"Shaded","section":"Shading Mode"},"sceneLighting":false,"audioPlay":false,"sceneViewState":{"showFog":true,"showMaterialUpdate":true,"showSkybox":true,"showFlares":true,"showImageEffects":true,"showParticleSystems":true},"in2DMode":false,"pivot":{"x":-0.0015400052070617676,"y":0.03456100448966026,"z":0.2947155237197876},"rotation":{"x":0.08948978036642075,"y":0.32972875237464907,"z":-0.03090534918010235,"w":0.9393165111541748},"size":2.0073838233947756,"orthographic":false}