{"cameraMode":{"drawMode":0,"name":"Shaded","section":"Shading Mode"},"sceneLighting":false,"audioPlay":false,"sceneViewState":{"showFog":true,"showMaterialUpdate":true,"showSkybox":true,"showFlares":true,"showImageEffects":true,"showParticleSystems":true},"in2DMode":false,"pivot":{"x":-0.000572502613067627,"y":0.041667498648166659,"z":0.2126084864139557},"rotation":{"x":-0.22569866478443147,"y":-0.17301882803440095,"z":0.040248971432447436,"w":-0.9578646421432495},"size":1.205816626548767,"orthographic":false}