{"cameraMode":{"drawMode":0,"name":"Shaded","section":"Shading Mode"},"sceneLighting":false,"audioPlay":false,"sceneViewState":{"showFog":true,"showMaterialUpdate":true,"showSkybox":true,"showFlares":true,"showImageEffects":true,"showParticleSystems":true},"in2DMode":false,"pivot":{"x":-0.0014260001480579377,"y":0.04064450040459633,"z":0.41318845748901369},"rotation":{"x":-0.20584741234779359,"y":-0.6939022541046143,"z":0.21838876605033875,"w":-0.6545478105545044},"size":2.484149217605591,"orthographic":false}