{"cameraMode":{"drawMode":0,"name":"Shaded","section":"Shading Mode"},"sceneLighting":false,"audioPlay":false,"sceneViewState":{"showFog":true,"showMaterialUpdate":true,"showSkybox":true,"showFlares":true,"showImageEffects":true,"showParticleSystems":true},"in2DMode":false,"pivot":{"x":0.26917359232902529,"y":0.049000829458236697,"z":0.028925150632858278},"rotation":{"x":0.10710975527763367,"y":0.5937840342521668,"z":-0.07954703271389008,"w":0.7934861779212952},"size":0.5835314393043518,"orthographic":false}