{"cameraMode":{"drawMode":0,"name":"Shaded","section":"Shading Mode"},"sceneLighting":false,"audioPlay":false,"sceneViewState":{"showFog":true,"showMaterialUpdate":true,"showSkybox":true,"showFlares":true,"showImageEffects":true,"showParticleSystems":true},"in2DMode":false,"pivot":{"x":-2.4896445274353029,"y":-0.0003279745578765869,"z":-1.436124324798584},"rotation":{"x":-0.08309326320886612,"y":-0.7970976233482361,"z":0.1118825152516365,"w":-0.5875484943389893},"size":2.115766763687134,"orthographic":false}