{"cameraMode":{"drawMode":0,"name":"Shaded","section":"Shading Mode"},"sceneLighting":false,"audioPlay":false,"sceneViewState":{"showFog":true,"showMaterialUpdate":true,"showSkybox":true,"showFlares":true,"showImageEffects":true,"showParticleSystems":true},"in2DMode":false,"pivot":{"x":-0.021199999377131463,"y":0.1005999967455864,"z":0.17499999701976777},"rotation":{"x":-0.04203980043530464,"y":-0.1128256618976593,"z":0.0046597919426858429,"w":-0.9927141070365906},"size":0.36833974719047549,"orthographic":false}