{"cameraMode":{"drawMode":0,"name":"Shaded","section":"Shading Mode"},"sceneLighting":false,"audioPlay":false,"sceneViewState":{"showFog":true,"showMaterialUpdate":true,"showSkybox":true,"showFlares":true,"showImageEffects":true,"showParticleSystems":true},"in2DMode":false,"pivot":{"x":0.0,"y":0.013446502387523651,"z":0.21480399370193482},"rotation":{"x":0.24267461895942689,"y":0.2505316734313965,"z":-0.06449806690216065,"w":0.9349774718284607},"size":1.346616268157959,"orthographic":false}