{"cameraMode":{"drawMode":0,"name":"Shaded","section":"Shading Mode"},"sceneLighting":false,"audioPlay":false,"sceneViewState":{"showFog":true,"showMaterialUpdate":true,"showSkybox":true,"showFlares":true,"showImageEffects":true,"showParticleSystems":true},"in2DMode":false,"pivot":{"x":-0.0008884966373443604,"y":0.3727174997329712,"z":0.009598352015018464},"rotation":{"x":0.1140226200222969,"y":0.3135436475276947,"z":-0.03750665858387947,"w":0.9419567584991455},"size":1.5068466663360596,"orthographic":false}