{"cameraMode":{"drawMode":0,"name":"Shaded","section":"Shading Mode"},"sceneLighting":false,"audioPlay":false,"sceneViewState":{"showFog":true,"showMaterialUpdate":true,"showSkybox":true,"showFlares":true,"showImageEffects":true,"showParticleSystems":true},"in2DMode":false,"pivot":{"x":6.8962554931640629,"y":2.5304393768310549,"z":-32.49971389770508},"rotation":{"x":-0.14745397865772248,"y":0.43432119488716128,"z":-0.07235803455114365,"w":-0.8856561183929443},"size":23.199020385742189,"orthographic":false}