{"cameraMode":{"drawMode":0,"name":"Shaded","section":"Shading Mode"},"sceneLighting":false,"audioPlay":false,"sceneViewState":{"showFog":true,"showMaterialUpdate":true,"showSkybox":true,"showFlares":true,"showImageEffects":true,"showParticleSystems":true},"in2DMode":false,"pivot":{"x":-0.01342800259590149,"y":0.04112550616264343,"z":0.43754398822784426},"rotation":{"x":-0.11553646624088288,"y":0.018139349296689035,"z":-0.002534672152251005,"w":-0.9931343793869019},"size":0.6115753650665283,"orthographic":false}