{"cameraMode":{"drawMode":0,"name":"Shaded","section":"Shading Mode"},"sceneLighting":false,"audioPlay":false,"sceneViewState":{"showFog":true,"showMaterialUpdate":true,"showSkybox":true,"showFlares":true,"showImageEffects":true,"showParticleSystems":true},"in2DMode":false,"pivot":{"x":-0.01342800259590149,"y":0.04112550616264343,"z":0.43754398822784426},"rotation":{"x":-0.12937325239181519,"y":-0.6770538687705994,"z":0.12206892669200897,"w":-0.7141147255897522},"size":1.0213751792907715,"orthographic":false}