{"cameraMode":{"drawMode":0,"name":"Shaded","section":"Shading Mode"},"sceneLighting":false,"audioPlay":false,"sceneViewState":{"showFog":true,"showMaterialUpdate":true,"showSkybox":true,"showFlares":true,"showImageEffects":true,"showParticleSystems":true},"in2DMode":false,"pivot":{"x":-0.02681799978017807,"y":0.016376495361328126,"z":0.21285250782966615},"rotation":{"x":0.20450343191623689,"y":0.5369330644607544,"z":-0.13544116914272309,"w":0.8071783781051636},"size":1.5514756441116334,"orthographic":false}