{"cameraMode":{"drawMode":0,"name":"Shaded","section":"Shading Mode"},"sceneLighting":false,"audioPlay":false,"sceneViewState":{"showFog":true,"showMaterialUpdate":true,"showSkybox":true,"showFlares":true,"showImageEffects":true,"showParticleSystems":true},"in2DMode":false,"pivot":{"x":-0.0009064972400665283,"y":-0.0009064972400665283,"z":0.221607506275177},"rotation":{"x":0.03282349929213524,"y":0.8006688952445984,"z":-0.04324565827846527,"w":0.5966421365737915},"size":1.736747145652771,"orthographic":false}