{"cameraMode":{"drawMode":0,"name":"Shaded","section":"Shading Mode"},"sceneLighting":false,"audioPlay":false,"sceneViewState":{"showFog":true,"showMaterialUpdate":true,"showSkybox":true,"showFlares":true,"showImageEffects":true,"showParticleSystems":true},"in2DMode":false,"pivot":{"x":-0.08305995911359787,"y":0.12783944606781007,"z":0.15112057328224183},"rotation":{"x":-0.21964214742183686,"y":-0.599690318107605,"z":0.1759965568780899,"w":-0.7491021752357483},"size":0.3747926354408264,"orthographic":false}