{"cameraMode":{"drawMode":0,"name":"Shaded","section":"Shading Mode"},"sceneLighting":false,"audioPlay":false,"sceneViewState":{"showFog":true,"showMaterialUpdate":true,"showSkybox":true,"showFlares":true,"showImageEffects":true,"showParticleSystems":true},"in2DMode":false,"pivot":{"x":-0.000029130387702025473,"y":0.0003326752339489758,"z":0.0018002791330218316},"rotation":{"x":-0.04780065268278122,"y":-0.6551851034164429,"z":0.04144627973437309,"w":-0.7528146505355835},"size":0.0063132126815617088,"orthographic":false}