{"cameraMode":{"drawMode":0,"name":"Shaded","section":"Shading Mode"},"sceneLighting":false,"audioPlay":false,"sceneViewState":{"showFog":true,"showMaterialUpdate":true,"showSkybox":true,"showFlares":true,"showImageEffects":true,"showParticleSystems":true},"in2DMode":false,"pivot":{"x":2.0713229179382326,"y":-0.7629626989364624,"z":0.11950922012329102},"rotation":{"x":-0.04618676379323006,"y":0.9272221326828003,"z":-0.12325066328048706,"w":-0.3506212830543518},"size":7.92491340637207,"orthographic":false}