{"cameraMode":{"drawMode":0,"name":"Shaded","section":"Shading Mode"},"sceneLighting":false,"audioPlay":false,"sceneViewState":{"showFog":true,"showMaterialUpdate":true,"showSkybox":true,"showFlares":true,"showImageEffects":true,"showParticleSystems":true},"in2DMode":false,"pivot":{"x":0.0,"y":0.07280638813972473,"z":0.26158565282821658},"rotation":{"x":-0.10577865689992905,"y":-0.8405903577804565,"z":0.17658062279224397,"w":-0.5010370016098023},"size":1.4943056106567383,"orthographic":false}