{"cameraMode":{"drawMode":0,"name":"Shaded","section":"Shading Mode"},"sceneLighting":false,"audioPlay":false,"sceneViewState":{"showFog":true,"showMaterialUpdate":true,"showSkybox":true,"showFlares":true,"showImageEffects":true,"showParticleSystems":true},"in2DMode":false,"pivot":{"x":-125.19999694824219,"y":-4.11299991607666,"z":32.709999084472659},"rotation":{"x":0.10713940858840943,"y":0.8541257381439209,"z":-0.1943758875131607,"w":0.47032809257507326},"size":3.143676996231079,"orthographic":false}