{"cameraMode":{"drawMode":0,"name":"Shaded","section":"Shading Mode"},"sceneLighting":false,"audioPlay":false,"sceneViewState":{"showFog":true,"showMaterialUpdate":true,"showSkybox":true,"showFlares":true,"showImageEffects":true,"showParticleSystems":true},"in2DMode":false,"pivot":{"x":-0.0044419835321605209,"y":0.17137381434440614,"z":0.37158203125},"rotation":{"x":0.11604568362236023,"y":0.7688621878623962,"z":-0.1458752453327179,"w":0.6116410493850708},"size":0.5228015184402466,"orthographic":false}