{"cameraMode":{"drawMode":0,"name":"Shaded","section":"Shading Mode"},"sceneLighting":false,"audioPlay":false,"sceneViewState":{"showFog":true,"showMaterialUpdate":true,"showSkybox":true,"showFlares":true,"showImageEffects":true,"showParticleSystems":true},"in2DMode":false,"pivot":{"x":0.0,"y":0.054986998438835147,"z":0.25454050302505495},"rotation":{"x":0.16089338064193726,"y":0.6822521686553955,"z":-0.15710775554180146,"w":0.6956741213798523},"size":0.6173387765884399,"orthographic":false}