{"cameraMode":{"drawMode":0,"name":"Shaded","section":"Shading Mode"},"sceneLighting":false,"audioPlay":false,"sceneViewState":{"showFog":true,"showMaterialUpdate":true,"showSkybox":true,"showFlares":true,"showImageEffects":true,"showParticleSystems":true},"in2DMode":false,"pivot":{"x":-0.0005035027861595154,"y":-0.0016629993915557862,"z":0.15332350134849549},"rotation":{"x":-0.10024039447307587,"y":0.6929851174354553,"z":-0.09894243627786637,"w":-0.7070600390434265},"size":0.8040916919708252,"orthographic":false}