{"cameraMode":{"drawMode":0,"name":"Shaded","section":"Shading Mode"},"sceneLighting":false,"audioPlay":false,"sceneViewState":{"showFog":true,"showMaterialUpdate":true,"showSkybox":true,"showFlares":true,"showImageEffects":true,"showParticleSystems":true},"in2DMode":false,"pivot":{"x":-0.0017569959163665772,"y":-0.011772990226745606,"z":0.3941459655761719},"rotation":{"x":-0.22909824550151826,"y":-0.4390029311180115,"z":0.11624541133642197,"w":-0.8609747886657715},"size":1.828162431716919,"orthographic":false}