{"cameraMode":{"drawMode":0,"name":"Shaded","section":"Shading Mode"},"sceneLighting":false,"audioPlay":false,"sceneViewState":{"showFog":true,"showMaterialUpdate":true,"showSkybox":true,"showFlares":true,"showImageEffects":true,"showParticleSystems":true},"in2DMode":false,"pivot":{"x":-0.002278500236570835,"y":0.0029010027647018434,"z":0.15161800384521485},"rotation":{"x":-0.07087825983762741,"y":-0.6639296412467957,"z":0.06276835501194,"w":-0.7417775392532349},"size":0.7710908055305481,"orthographic":false}