{"cameraMode":{"drawMode":0,"name":"Shaded","section":"Shading Mode"},"sceneLighting":false,"audioPlay":false,"sceneViewState":{"showFog":true,"showMaterialUpdate":true,"showSkybox":true,"showFlares":true,"showImageEffects":true,"showParticleSystems":true},"in2DMode":false,"pivot":{"x":0.16577935218811036,"y":0.6188937425613403,"z":0.02587890625},"rotation":{"x":0.045168083161115649,"y":-0.943383514881134,"z":0.14432570338249207,"w":0.29522472620010378},"size":2.2252469062805177,"orthographic":false}