{"cameraMode":{"drawMode":0,"name":"Shaded","section":"Shading Mode"},"sceneLighting":false,"audioPlay":false,"sceneViewState":{"showFog":true,"showMaterialUpdate":true,"showSkybox":true,"showFlares":true,"showImageEffects":true,"showParticleSystems":true},"in2DMode":false,"pivot":{"x":0.00034649670124053955,"y":-0.00030200183391571045,"z":-0.00034299492835998535},"rotation":{"x":0.1475176364183426,"y":0.6777604818344116,"z":-0.14142458140850068,"w":0.7063131928443909},"size":0.4632303714752197,"orthographic":false}