{"cameraMode":{"drawMode":0,"name":"Shaded","section":"Shading Mode"},"sceneLighting":false,"audioPlay":false,"sceneViewState":{"showFog":true,"showMaterialUpdate":true,"showSkybox":true,"showFlares":true,"showImageEffects":true,"showParticleSystems":true},"in2DMode":false,"pivot":{"x":-0.0009665004909038544,"y":0.024763494729995729,"z":0.17380300164222718},"rotation":{"x":0.21608400344848634,"y":0.3578353226184845,"z":-0.08493922650814057,"w":0.9044594764709473},"size":1.7600537538528443,"orthographic":false}