{"cameraMode":{"drawMode":0,"name":"Shaded","section":"Shading Mode"},"sceneLighting":false,"audioPlay":false,"sceneViewState":{"showFog":true,"showMaterialUpdate":true,"showSkybox":true,"showFlares":true,"showImageEffects":true,"showParticleSystems":true},"in2DMode":false,"pivot":{"x":-0.059120941907167438,"y":0.32344406843185427,"z":0.32121390104293826},"rotation":{"x":-0.3837694227695465,"y":0.060986436903476718,"z":-0.025897333398461343,"w":-0.9210488796234131},"size":1.177111268043518,"orthographic":false}