{"cameraMode":{"drawMode":0,"name":"Shaded","section":"Shading Mode"},"sceneLighting":false,"audioPlay":false,"sceneViewState":{"showFog":true,"showMaterialUpdate":true,"showSkybox":true,"showFlares":true,"showImageEffects":true,"showParticleSystems":true},"in2DMode":false,"pivot":{"x":-0.05232501029968262,"y":0.081015944480896,"z":-0.022558003664016725},"rotation":{"x":-0.01912720873951912,"y":0.9749600887298584,"z":-0.09545394778251648,"w":-0.1999388337135315},"size":1.2649303674697877,"orthographic":false}