{"cameraMode":{"drawMode":0,"name":"Shaded","section":"Shading Mode"},"sceneLighting":false,"audioPlay":false,"sceneViewState":{"showFog":true,"showMaterialUpdate":true,"showSkybox":true,"showFlares":true,"showImageEffects":true,"showParticleSystems":true},"in2DMode":false,"pivot":{"x":-0.009815499186515808,"y":0.06278938055038452,"z":-0.023505493998527528},"rotation":{"x":-0.0013975667534396053,"y":-0.9981723427772522,"z":0.016450969502329828,"w":-0.05813326686620712},"size":2.8196611404418947,"orthographic":false}