{"cameraMode":{"drawMode":0,"name":"Shaded","section":"Shading Mode"},"sceneLighting":false,"audioPlay":false,"sceneViewState":{"showFog":true,"showMaterialUpdate":true,"showSkybox":true,"showFlares":true,"showImageEffects":true,"showParticleSystems":true},"in2DMode":false,"pivot":{"x":4.991888999938965e-7,"y":0.0356689989566803,"z":0.06484749913215637},"rotation":{"x":0.0007353287073783577,"y":-0.9978281855583191,"z":0.06476082652807236,"w":0.012022745795547963},"size":1.3263063430786133,"orthographic":false}