{"cameraMode":{"drawMode":0,"name":"Shaded","section":"Shading Mode"},"sceneLighting":false,"audioPlay":false,"sceneViewState":{"showFog":true,"showMaterialUpdate":true,"showSkybox":true,"showFlares":true,"showImageEffects":true,"showParticleSystems":true},"in2DMode":false,"pivot":{"x":0.05700000002980232,"y":0.0689999982714653,"z":0.34299999475479128},"rotation":{"x":-0.2171526700258255,"y":0.6175957918167114,"z":-0.18355633318424226,"w":-0.7332989573478699},"size":1.245234489440918,"orthographic":false}