{"cameraMode":{"drawMode":0,"name":"Shaded","section":"Shading Mode"},"sceneLighting":false,"audioPlay":false,"sceneViewState":{"showFog":true,"showMaterialUpdate":true,"showSkybox":true,"showFlares":true,"showImageEffects":true,"showParticleSystems":true},"in2DMode":false,"pivot":{"x":0.0,"y":0.056782498955726626,"z":0.18521851301193238},"rotation":{"x":-0.009557129815220833,"y":-0.989323616027832,"z":0.12411990016698837,"w":-0.07577498257160187},"size":0.8807029128074646,"orthographic":false}