{"cameraMode":{"drawMode":0,"name":"Shaded","section":"Shading Mode"},"sceneLighting":false,"audioPlay":false,"sceneViewState":{"showFog":true,"showMaterialUpdate":true,"showSkybox":true,"showFlares":true,"showImageEffects":true,"showParticleSystems":true},"in2DMode":false,"pivot":{"x":-0.0009665004909038544,"y":0.024763494729995729,"z":0.17380300164222718},"rotation":{"x":0.22952023148536683,"y":0.5772197842597961,"z":-0.17266245186328889,"w":0.7644118666648865},"size":0.39840656518936159,"orthographic":false}