{"cameraMode":{"drawMode":0,"name":"Shaded","section":"Shading Mode"},"sceneLighting":false,"audioPlay":false,"sceneViewState":{"showFog":true,"showMaterialUpdate":true,"showSkybox":true,"showFlares":true,"showImageEffects":true,"showParticleSystems":true},"in2DMode":false,"pivot":{"x":0.0,"y":-0.005000002682209015,"z":2.7259998321533205},"rotation":{"x":-0.17240841686725617,"y":-0.5065430402755737,"z":0.10357172042131424,"w":-0.8384285569190979},"size":4.677684783935547,"orthographic":false}