{"cameraMode":{"drawMode":0,"name":"Shaded","section":"Shading Mode"},"sceneLighting":false,"audioPlay":false,"sceneViewState":{"showFog":true,"showMaterialUpdate":true,"showSkybox":true,"showFlares":true,"showImageEffects":true,"showParticleSystems":true},"in2DMode":false,"pivot":{"x":-0.00011125952005386353,"y":0.007672611624002457,"z":-0.002139989286661148},"rotation":{"x":0.1331390142440796,"y":0.2958780825138092,"z":-0.04117907956242561,"w":0.9450049996376038},"size":0.20985516905784608,"orthographic":false}