{"cameraMode":{"drawMode":0,"name":"Shaded","section":"Shading Mode"},"sceneLighting":false,"audioPlay":false,"sceneViewState":{"showFog":true,"showMaterialUpdate":true,"showSkybox":true,"showFlares":true,"showImageEffects":true,"showParticleSystems":true},"in2DMode":false,"pivot":{"x":-0.0014260001480579377,"y":0.04064450040459633,"z":0.41318845748901369},"rotation":{"x":-0.10378402471542359,"y":0.7858949899673462,"z":-0.13709858059883119,"w":-0.5939714312553406},"size":2.484149217605591,"orthographic":false}