{"cameraMode":{"drawMode":0,"name":"Shaded","section":"Shading Mode"},"sceneLighting":false,"audioPlay":false,"sceneViewState":{"showFog":true,"showMaterialUpdate":true,"showSkybox":true,"showFlares":true,"showImageEffects":true,"showParticleSystems":true},"in2DMode":false,"pivot":{"x":0.0,"y":0.00008865271229296923,"z":0.0003780620463658124},"rotation":{"x":-0.05195881798863411,"y":-0.9346855282783508,"z":0.15301626920700074,"w":-0.3166217803955078},"size":1.201875925064087,"orthographic":false}