{"cameraMode":{"drawMode":0,"name":"Shaded","section":"Shading Mode"},"sceneLighting":false,"audioPlay":false,"sceneViewState":{"showFog":true,"showMaterialUpdate":true,"showSkybox":true,"showFlares":true,"showImageEffects":true,"showParticleSystems":true},"in2DMode":false,"pivot":{"x":3.631167411804199,"y":-2.0040578842163088,"z":-1.0784122943878174},"rotation":{"x":0.021334992721676828,"y":-0.6704944968223572,"z":0.01935563050210476,"w":0.7413550615310669},"size":84.8736572265625,"orthographic":false}