{"cameraMode":{"drawMode":0,"name":"Shaded","section":"Shading Mode"},"sceneLighting":false,"audioPlay":false,"sceneViewState":{"showFog":true,"showMaterialUpdate":true,"showSkybox":true,"showFlares":true,"showImageEffects":true,"showParticleSystems":true},"in2DMode":false,"pivot":{"x":0.0,"y":0.0820000022649765,"z":0.6399999856948853},"rotation":{"x":0.043600037693977359,"y":-0.733379065990448,"z":0.04790375381708145,"w":0.6767269968986511},"size":0.6452344655990601,"orthographic":false}