{"cameraMode":{"drawMode":0,"name":"Shaded","section":"Shading Mode"},"sceneLighting":false,"audioPlay":false,"sceneViewState":{"showFog":true,"showMaterialUpdate":true,"showSkybox":true,"showFlares":true,"showImageEffects":true,"showParticleSystems":true},"in2DMode":false,"pivot":{"x":0.04997903108596802,"y":0.07648402452468872,"z":0.2213800549507141},"rotation":{"x":0.08526920527219773,"y":0.7701203227043152,"z":-0.10453668236732483,"w":0.6234710216522217},"size":1.3377864360809327,"orthographic":false}