{"cameraMode":{"drawMode":0,"name":"Shaded","section":"Shading Mode"},"sceneLighting":false,"audioPlay":false,"sceneViewState":{"showFog":true,"showMaterialUpdate":true,"showSkybox":true,"showFlares":true,"showImageEffects":true,"showParticleSystems":true},"in2DMode":false,"pivot":{"x":-0.0011615008115768433,"y":-0.015033498406410218,"z":0.23910099267959596},"rotation":{"x":0.1032295823097229,"y":0.8423100709915161,"z":-0.17296722531318665,"w":0.49993962049484255},"size":1.927223801612854,"orthographic":false}