{"cameraMode":{"drawMode":0,"name":"Shaded","section":"Shading Mode"},"sceneLighting":false,"audioPlay":false,"sceneViewState":{"showFog":true,"showMaterialUpdate":true,"showSkybox":true,"showFlares":true,"showImageEffects":true,"showParticleSystems":true},"in2DMode":false,"pivot":{"x":-0.009922504425048828,"y":0.4444360136985779,"z":-0.0014460012316703797},"rotation":{"x":0.033289145678281787,"y":0.9631456136703491,"z":-0.13838385045528413,"w":0.22823740541934968},"size":1.9581111669540406,"orthographic":false}