{"cameraMode":{"drawMode":0,"name":"Shaded","section":"Shading Mode"},"sceneLighting":false,"audioPlay":false,"sceneViewState":{"showFog":true,"showMaterialUpdate":true,"showSkybox":true,"showFlares":true,"showImageEffects":true,"showParticleSystems":true},"in2DMode":false,"pivot":{"x":-0.0005654990673065186,"y":0.00588950514793396,"z":0.12408749759197235},"rotation":{"x":-0.2025127112865448,"y":-0.7345755696296692,"z":0.24787501990795136,"w":-0.598285436630249},"size":0.2372218370437622,"orthographic":false}