{"cameraMode":{"drawMode":0,"name":"Shaded","section":"Shading Mode"},"sceneLighting":true,"audioPlay":false,"sceneViewState":{"showFog":true,"showMaterialUpdate":true,"showSkybox":true,"showFlares":true,"showImageEffects":true,"showParticleSystems":true},"in2DMode":false,"pivot":{"x":330.1378173828125,"y":-66.69195556640625,"z":-67.59432983398438},"rotation":{"x":-0.0651814192533493,"y":-0.7883282899856567,"z":0.08397989720106125,"w":-0.6060011386871338},"size":436.827392578125,"orthographic":false}