{"cameraMode":{"drawMode":0,"name":"Shaded","section":"Shading Mode"},"sceneLighting":false,"audioPlay":false,"sceneViewState":{"showFog":true,"showMaterialUpdate":true,"showSkybox":true,"showFlares":true,"showImageEffects":true,"showParticleSystems":true},"in2DMode":false,"pivot":{"x":-0.0002651885151863098,"y":0.05102284252643585,"z":0.34714028239250185},"rotation":{"x":0.1475176364183426,"y":0.6777604818344116,"z":-0.14142458140850068,"w":0.7063131928443909},"size":1.4145495891571046,"orthographic":false}