{"cameraMode":{"drawMode":0,"name":"Shaded","section":"Shading Mode"},"sceneLighting":false,"audioPlay":false,"sceneViewState":{"showFog":true,"showMaterialUpdate":true,"showSkybox":true,"showFlares":true,"showImageEffects":true,"showParticleSystems":true},"in2DMode":false,"pivot":{"x":0.016624003648757936,"y":0.33064398169517519,"z":0.000001996755599975586},"rotation":{"x":0.14886224269866944,"y":-0.4666363298892975,"z":0.07999017089605332,"w":0.8681544661521912},"size":0.5594769716262817,"orthographic":false}