{"cameraMode":{"drawMode":0,"name":"Shaded","section":"Shading Mode"},"sceneLighting":false,"audioPlay":false,"sceneViewState":{"showFog":true,"showMaterialUpdate":true,"showSkybox":true,"showFlares":true,"showImageEffects":true,"showParticleSystems":true},"in2DMode":false,"pivot":{"x":-0.0003015007823705673,"y":-0.013567507266998291,"z":0.14466099441051484},"rotation":{"x":-0.2621503174304962,"y":-0.3929193913936615,"z":0.11734259873628617,"w":-0.8735687732696533},"size":0.7964673638343811,"orthographic":false}