{"cameraMode":{"drawMode":0,"name":"Shaded","section":"Shading Mode"},"sceneLighting":false,"audioPlay":false,"sceneViewState":{"showFog":true,"showMaterialUpdate":true,"showSkybox":true,"showFlares":true,"showImageEffects":true,"showParticleSystems":true},"in2DMode":false,"pivot":{"x":0.10891914367675781,"y":0.2850937843322754,"z":5.290715217590332},"rotation":{"x":-0.2696613371372223,"y":-0.6449353694915772,"z":0.26048919558525088,"w":-0.6659479141235352},"size":23.011911392211915,"orthographic":false}