{"cameraMode":{"drawMode":0,"name":"Shaded","section":"Shading Mode"},"sceneLighting":false,"audioPlay":false,"sceneViewState":{"showFog":true,"showMaterialUpdate":true,"showSkybox":true,"showFlares":true,"showImageEffects":true,"showParticleSystems":true},"in2DMode":false,"pivot":{"x":0.0,"y":0.05237250030040741,"z":0.1869555115699768},"rotation":{"x":0.07738766819238663,"y":-0.8339189291000366,"z":0.12121344357728958,"w":0.5328205823898315},"size":1.7349627017974854,"orthographic":false}