{"cameraMode":{"drawMode":0,"name":"Shaded","section":"Shading Mode"},"sceneLighting":false,"audioPlay":false,"sceneViewState":{"showFog":true,"showMaterialUpdate":true,"showSkybox":true,"showFlares":true,"showImageEffects":true,"showParticleSystems":true},"in2DMode":false,"pivot":{"x":0.001314997673034668,"y":0.3433905243873596,"z":-0.0007115006446838379},"rotation":{"x":-0.12551839649677277,"y":-0.0889166072010994,"z":0.010850470513105393,"w":-0.9880391359329224},"size":1.9435665607452393,"orthographic":false}