{"cameraMode":{"drawMode":0,"name":"Shaded","section":"Shading Mode"},"sceneLighting":false,"audioPlay":false,"sceneViewState":{"showFog":true,"showMaterialUpdate":true,"showSkybox":true,"showFlares":true,"showImageEffects":true,"showParticleSystems":true},"in2DMode":false,"pivot":{"x":2.1010260581970217,"y":0.5169577598571777,"z":8.027841567993164},"rotation":{"x":-0.3469277322292328,"y":-0.1411607563495636,"z":0.05247080326080322,"w":-0.9257222414016724},"size":29.3575382232666,"orthographic":false}