{"cameraMode":{"drawMode":0,"name":"Shaded","section":"Shading Mode"},"sceneLighting":false,"audioPlay":false,"sceneViewState":{"showFog":true,"showMaterialUpdate":true,"showSkybox":true,"showFlares":true,"showImageEffects":true,"showParticleSystems":true},"in2DMode":false,"pivot":{"x":0.010245821438729763,"y":-0.047237034887075427,"z":0.011732742190361023},"rotation":{"x":-0.13500259816646577,"y":0.7627550959587097,"z":-0.1687311828136444,"w":-0.6095151901245117},"size":1.6102403402328492,"orthographic":false}