{"cameraMode":{"drawMode":0,"name":"Shaded","section":"Shading Mode"},"sceneLighting":false,"audioPlay":false,"sceneViewState":{"showFog":true,"showMaterialUpdate":true,"showSkybox":true,"showFlares":true,"showImageEffects":true,"showParticleSystems":true},"in2DMode":false,"pivot":{"x":-0.0012299716472625733,"y":0.14286790788173676,"z":0.3832487165927887},"rotation":{"x":0.19214314222335816,"y":-0.7452412247657776,"z":0.24342326819896699,"w":0.5902895927429199},"size":0.7628738284111023,"orthographic":false}