{"cameraMode":{"drawMode":0,"name":"Shaded","section":"Shading Mode"},"sceneLighting":false,"audioPlay":false,"sceneViewState":{"showFog":true,"showMaterialUpdate":true,"showSkybox":true,"showFlares":true,"showImageEffects":true,"showParticleSystems":true},"in2DMode":false,"pivot":{"x":0.0003820005804300308,"y":-0.0008410001173615456,"z":0.13004499673843385},"rotation":{"x":0.16044434905052186,"y":0.6797305941581726,"z":-0.15547628700733186,"w":0.698606550693512},"size":0.44583967328071597,"orthographic":false}