{"cameraMode":{"drawMode":0,"name":"Shaded","section":"Shading Mode"},"sceneLighting":false,"audioPlay":false,"sceneViewState":{"showFog":true,"showMaterialUpdate":true,"showSkybox":true,"showFlares":true,"showImageEffects":true,"showParticleSystems":true},"in2DMode":false,"pivot":{"x":-0.021740496158599855,"y":0.024463504552841188,"z":0.2921314835548401},"rotation":{"x":0.1269368827342987,"y":0.43206894397735598,"z":-0.0610336996614933,"w":0.8907740712165833},"size":0.05729818344116211,"orthographic":false}