{"cameraMode":{"drawMode":0,"name":"Shaded","section":"Shading Mode"},"sceneLighting":false,"audioPlay":false,"sceneViewState":{"showFog":true,"showMaterialUpdate":true,"showSkybox":true,"showFlares":true,"showImageEffects":true,"showParticleSystems":true},"in2DMode":false,"pivot":{"x":0.4691884219646454,"y":4.081589221954346,"z":0.920869767665863},"rotation":{"x":0.30310285091400149,"y":0.6290314793586731,"z":-0.29082056879997256,"w":0.6541189551353455},"size":1.9806468486785889,"orthographic":false}