{"cameraMode":{"drawMode":0,"name":"Shaded","section":"Shading Mode"},"sceneLighting":false,"audioPlay":false,"sceneViewState":{"showFog":true,"showMaterialUpdate":true,"showSkybox":true,"showFlares":true,"showImageEffects":true,"showParticleSystems":true},"in2DMode":false,"pivot":{"x":0.0,"y":0.04516849294304848,"z":0.2372944951057434},"rotation":{"x":0.2185397744178772,"y":0.6999666094779968,"z":-0.23966291546821595,"w":0.6362773180007935},"size":0.7998582720756531,"orthographic":false}