{"cameraMode":{"drawMode":0,"name":"Shaded","section":"Shading Mode"},"sceneLighting":false,"audioPlay":false,"sceneViewState":{"showFog":true,"showMaterialUpdate":true,"showSkybox":true,"showFlares":true,"showImageEffects":true,"showParticleSystems":true},"in2DMode":false,"pivot":{"x":-0.06970562040805817,"y":0.3325980007648468,"z":-0.2721267342567444},"rotation":{"x":-0.01935432106256485,"y":-0.6745855212211609,"z":0.017092891037464143,"w":-0.7377449870109558},"size":0.7418541312217712,"orthographic":false}