{"cameraMode":{"drawMode":0,"name":"Shaded","section":"Shading Mode"},"sceneLighting":false,"audioPlay":false,"sceneViewState":{"showFog":true,"showMaterialUpdate":true,"showSkybox":true,"showFlares":true,"showImageEffects":true,"showParticleSystems":true},"in2DMode":false,"pivot":{"x":-0.026257753372192384,"y":-0.010702788829803467,"z":0.3657384216785431},"rotation":{"x":0.2471119612455368,"y":0.4449992775917053,"z":-0.1286213994026184,"w":0.8510980606079102},"size":0.407434344291687,"orthographic":false}