{"cameraMode":{"drawMode":0,"name":"Shaded","section":"Shading Mode"},"sceneLighting":false,"audioPlay":false,"sceneViewState":{"showFog":true,"showMaterialUpdate":true,"showSkybox":true,"showFlares":true,"showImageEffects":true,"showParticleSystems":true},"in2DMode":false,"pivot":{"x":7.152557373046875e-7,"y":0.025027036666870118,"z":0.03613363951444626},"rotation":{"x":0.045168083161115649,"y":-0.943383514881134,"z":0.14432570338249207,"w":0.29522472620010378},"size":3.197861433029175,"orthographic":false}