{"cameraMode":{"drawMode":0,"name":"Shaded","section":"Shading Mode"},"sceneLighting":false,"audioPlay":false,"sceneViewState":{"showFog":true,"showMaterialUpdate":true,"showSkybox":true,"showFlares":true,"showImageEffects":true,"showParticleSystems":true},"in2DMode":false,"pivot":{"x":-0.00374549999833107,"y":-0.039016008377075198,"z":0.0785139873623848},"rotation":{"x":-0.2537497282028198,"y":-0.2696155309677124,"z":0.07339345663785935,"w":-0.9260302782058716},"size":1.198325514793396,"orthographic":false}