{"cameraMode":{"drawMode":0,"name":"Shaded","section":"Shading Mode"},"sceneLighting":false,"audioPlay":false,"sceneViewState":{"showFog":true,"showMaterialUpdate":true,"showSkybox":true,"showFlares":true,"showImageEffects":true,"showParticleSystems":true},"in2DMode":false,"pivot":{"x":0.002499505877494812,"y":0.3074520230293274,"z":-0.00002750009298324585},"rotation":{"x":0.18080471456050874,"y":-0.00840975996106863,"z":0.002033309079706669,"w":0.9834809899330139},"size":1.4574886560440064,"orthographic":false}