{"cameraMode":{"drawMode":0,"name":"Shaded","section":"Shading Mode"},"sceneLighting":false,"audioPlay":false,"sceneViewState":{"showFog":true,"showMaterialUpdate":true,"showSkybox":true,"showFlares":true,"showImageEffects":true,"showParticleSystems":true},"in2DMode":false,"pivot":{"x":-0.2215694785118103,"y":0.38479745388031008,"z":-0.0015344992280006409},"rotation":{"x":0.26557645201683047,"y":0.22184118628501893,"z":-0.062424011528491977,"w":0.9361404776573181},"size":2.131988048553467,"orthographic":false}