{"cameraMode":{"drawMode":0,"name":"Shaded","section":"Shading Mode"},"sceneLighting":false,"audioPlay":false,"sceneViewState":{"showFog":true,"showMaterialUpdate":true,"showSkybox":true,"showFlares":true,"showImageEffects":true,"showParticleSystems":true},"in2DMode":false,"pivot":{"x":-0.11129949986934662,"y":0.21673700213432313,"z":0.25399595499038699},"rotation":{"x":-0.1140332892537117,"y":-0.6125269532203674,"z":0.09003693610429764,"w":-0.7769816517829895},"size":0.4651305079460144,"orthographic":false}