{"cameraMode":{"drawMode":0,"name":"Shaded","section":"Shading Mode"},"sceneLighting":false,"audioPlay":false,"sceneViewState":{"showFog":true,"showMaterialUpdate":true,"showSkybox":true,"showFlares":true,"showImageEffects":true,"showParticleSystems":true},"in2DMode":false,"pivot":{"x":-0.00631299614906311,"y":0.08524501323699951,"z":0.038753777742385867},"rotation":{"x":-0.39105212688446047,"y":0.189824178814888,"z":-0.08328235894441605,"w":-0.896721363067627},"size":0.33298641443252566,"orthographic":false}