{"cameraMode":{"drawMode":0,"name":"Shaded","section":"Shading Mode"},"sceneLighting":false,"audioPlay":false,"sceneViewState":{"showFog":true,"showMaterialUpdate":true,"showSkybox":true,"showFlares":true,"showImageEffects":true,"showParticleSystems":true},"in2DMode":false,"pivot":{"x":-0.002278500236570835,"y":0.0029010027647018434,"z":0.15161800384521485},"rotation":{"x":0.11901626735925675,"y":0.7283154726028442,"z":-0.13018465042114259,"w":0.6621508598327637},"size":0.7710908055305481,"orthographic":false}