{"cameraMode":{"drawMode":0,"name":"Shaded","section":"Shading Mode"},"sceneLighting":false,"audioPlay":false,"sceneViewState":{"showFog":true,"showMaterialUpdate":true,"showSkybox":true,"showFlares":true,"showImageEffects":true,"showParticleSystems":true},"in2DMode":false,"pivot":{"x":-0.0004490017890930176,"y":0.029157564043998719,"z":0.2846980094909668},"rotation":{"x":0.08136571943759918,"y":0.36356985569000246,"z":-0.03137939050793648,"w":0.9274761080741882},"size":1.456830620765686,"orthographic":false}