{"cameraMode":{"drawMode":0,"name":"Shaded","section":"Shading Mode"},"sceneLighting":false,"audioPlay":false,"sceneViewState":{"showFog":true,"showMaterialUpdate":true,"showSkybox":true,"showFlares":true,"showImageEffects":true,"showParticleSystems":true},"in2DMode":false,"pivot":{"x":-0.0010414998978376389,"y":0.006618306040763855,"z":0.08246099948883057},"rotation":{"x":-0.07087825983762741,"y":-0.6639296412467957,"z":0.06276835501194,"w":-0.7417775392532349},"size":0.5149207711219788,"orthographic":false}