{"cameraMode":{"drawMode":0,"name":"Shaded","section":"Shading Mode"},"sceneLighting":false,"audioPlay":false,"sceneViewState":{"showFog":true,"showMaterialUpdate":true,"showSkybox":true,"showFlares":true,"showImageEffects":true,"showParticleSystems":true},"in2DMode":false,"pivot":{"x":6.555736541748047,"y":0.3248941898345947,"z":25.72112464904785},"rotation":{"x":-0.3469277322292328,"y":-0.1411607563495636,"z":0.05247080326080322,"w":-0.9257222414016724},"size":2.5987796783447267,"orthographic":false}