{"cameraMode":{"drawMode":0,"name":"Shaded","section":"Shading Mode"},"sceneLighting":false,"audioPlay":false,"sceneViewState":{"showFog":true,"showMaterialUpdate":true,"showSkybox":true,"showFlares":true,"showImageEffects":true,"showParticleSystems":true},"in2DMode":false,"pivot":{"x":0.09792830795049668,"y":0.26618385314941409,"z":-0.7112258672714233},"rotation":{"x":-0.36193546652793887,"y":-0.1914409101009369,"z":0.07632867246866226,"w":-0.9091352820396423},"size":2.1095075607299806,"orthographic":false}