{"cameraMode":{"drawMode":0,"name":"Shaded","section":"Shading Mode"},"sceneLighting":false,"audioPlay":false,"sceneViewState":{"showFog":true,"showMaterialUpdate":true,"showSkybox":true,"showFlares":true,"showImageEffects":true,"showParticleSystems":true},"in2DMode":false,"pivot":{"x":0.11174899339675904,"y":0.20258499681949616,"z":-0.005640983581542969},"rotation":{"x":0.10713940858840943,"y":0.8541257381439209,"z":-0.1943758875131607,"w":0.47032809257507326},"size":2.490292549133301,"orthographic":false}