{"cameraMode":{"drawMode":0,"name":"Shaded","section":"Shading Mode"},"sceneLighting":false,"audioPlay":false,"sceneViewState":{"showFog":true,"showMaterialUpdate":true,"showSkybox":true,"showFlares":true,"showImageEffects":true,"showParticleSystems":true},"in2DMode":false,"pivot":{"x":-0.0006625493988394737,"y":0.0003206152468919754,"z":0.001980159431695938},"rotation":{"x":-0.04780065268278122,"y":-0.6551851034164429,"z":0.04144627973437309,"w":-0.7528146505355835},"size":0.1369311511516571,"orthographic":false}