{"cameraMode":{"drawMode":0,"name":"Shaded","section":"Shading Mode"},"sceneLighting":false,"audioPlay":false,"sceneViewState":{"showFog":true,"showMaterialUpdate":false,"showSkybox":true,"showFlares":true,"showImageEffects":true,"showParticleSystems":true},"in2DMode":false,"pivot":{"x":-3.2179107666015627,"y":-18.274944305419923,"z":-9.949851989746094},"rotation":{"x":0.25443780422210696,"y":0.3908322751522064,"z":-0.11342885345220566,"w":0.8772944808006287},"size":142.38790893554688,"orthographic":false}