{"cameraMode":{"drawMode":0,"name":"Shaded","section":"Shading Mode"},"sceneLighting":false,"audioPlay":false,"sceneViewState":{"showFog":true,"showMaterialUpdate":true,"showSkybox":true,"showFlares":true,"showImageEffects":true,"showParticleSystems":true},"in2DMode":false,"pivot":{"x":-0.0008020028471946716,"y":0.02528250217437744,"z":0.1866215169429779},"rotation":{"x":-0.08449104428291321,"y":-0.24636869132518769,"z":0.021562302485108377,"w":-0.9652454257011414},"size":0.5272786617279053,"orthographic":false}