{"cameraMode":{"drawMode":0,"name":"Shaded","section":"Shading Mode"},"sceneLighting":false,"audioPlay":false,"sceneViewState":{"showFog":true,"showMaterialUpdate":true,"showSkybox":true,"showFlares":true,"showImageEffects":true,"showParticleSystems":true},"in2DMode":false,"pivot":{"x":-125.19999694824219,"y":-4.11299991607666,"z":32.709999084472659},"rotation":{"x":0.01312953233718872,"y":-0.9591942429542542,"z":0.0449170358479023,"w":0.2788484990596771},"size":1.9436771869659424,"orthographic":false}