{"cameraMode":{"drawMode":0,"name":"Shaded","section":"Shading Mode"},"sceneLighting":false,"audioPlay":false,"sceneViewState":{"showFog":true,"showMaterialUpdate":true,"showSkybox":true,"showFlares":true,"showImageEffects":true,"showParticleSystems":true},"in2DMode":false,"pivot":{"x":-0.0001675039529800415,"y":-0.0001675039529800415,"z":0.029101505875587465},"rotation":{"x":0.09188221395015717,"y":0.6590622663497925,"z":-0.08176761865615845,"w":0.7419627904891968},"size":171.62892150878907,"orthographic":false}