{"cameraMode":{"drawMode":0,"name":"Shaded","section":"Shading Mode"},"sceneLighting":false,"audioPlay":false,"sceneViewState":{"showFog":true,"showMaterialUpdate":true,"showSkybox":true,"showFlares":true,"showImageEffects":true,"showParticleSystems":true},"in2DMode":false,"pivot":{"x":0.0,"y":0.9747394919395447,"z":-0.012792497873306275},"rotation":{"x":-0.028476661071181299,"y":0.9626640677452087,"z":-0.11198630928993225,"w":-0.24479809403419496},"size":4.098053932189941,"orthographic":false}