{"cameraMode":{"drawMode":0,"name":"Shaded","section":"Shading Mode"},"sceneLighting":false,"audioPlay":false,"sceneViewState":{"showFog":true,"showMaterialUpdate":true,"showSkybox":true,"showFlares":true,"showImageEffects":true,"showParticleSystems":true},"in2DMode":false,"pivot":{"x":1.3059227466583253,"y":6.492193222045898,"z":-5.9220290184021},"rotation":{"x":0.004522291477769613,"y":0.994670569896698,"z":-0.05109107121825218,"w":0.08944108337163925},"size":12.310087203979493,"orthographic":false}