{"cameraMode":{"drawMode":0,"name":"Shaded","section":"Shading Mode"},"sceneLighting":false,"audioPlay":false,"sceneViewState":{"showFog":true,"showMaterialUpdate":true,"showSkybox":true,"showFlares":true,"showImageEffects":true,"showParticleSystems":true},"in2DMode":false,"pivot":{"x":-0.0014140009880065919,"y":0.03258499503135681,"z":0.43455201387405398},"rotation":{"x":-0.08425099402666092,"y":0.893065869808197,"z":-0.18779563903808595,"w":-0.4000849723815918},"size":1.0650396347045899,"orthographic":false}