{"cameraMode":{"drawMode":0,"name":"Shaded","section":"Shading Mode"},"sceneLighting":false,"audioPlay":false,"sceneViewState":{"showFog":true,"showMaterialUpdate":true,"showSkybox":true,"showFlares":true,"showImageEffects":true,"showParticleSystems":true},"in2DMode":false,"pivot":{"x":0.00004349648952484131,"y":0.003254503011703491,"z":0.29185497760772707},"rotation":{"x":0.14307747781276704,"y":0.5560704469680786,"z":-0.09801298379898071,"w":0.8128395080566406},"size":1.4054267406463624,"orthographic":false}