{"cameraMode":{"drawMode":0,"name":"Shaded","section":"Shading Mode"},"sceneLighting":false,"audioPlay":false,"sceneViewState":{"showFog":true,"showMaterialUpdate":true,"showSkybox":true,"showFlares":true,"showImageEffects":true,"showParticleSystems":true},"in2DMode":false,"pivot":{"x":0.004104003310203552,"y":0.3118644952774048,"z":-0.0028540045022964479},"rotation":{"x":-0.0593135766685009,"y":0.8854775428771973,"z":-0.11783808469772339,"w":-0.4455622434616089},"size":1.8552844524383546,"orthographic":false}