{"cameraMode":{"drawMode":0,"name":"Shaded","section":"Shading Mode"},"sceneLighting":false,"audioPlay":false,"sceneViewState":{"showFog":true,"showMaterialUpdate":true,"showSkybox":true,"showFlares":true,"showImageEffects":true,"showParticleSystems":true},"in2DMode":false,"pivot":{"x":-0.005465507507324219,"y":-0.0002745091915130615,"z":0.0010229945182800294},"rotation":{"x":-0.09244156628847122,"y":-0.8303062319755554,"z":0.14498886466026307,"w":-0.5301173329353333},"size":0.4288383722305298,"orthographic":false}