{"cameraMode":{"drawMode":0,"name":"Shaded","section":"Shading Mode"},"sceneLighting":false,"audioPlay":false,"sceneViewState":{"showFog":true,"showMaterialUpdate":true,"showSkybox":true,"showFlares":true,"showImageEffects":true,"showParticleSystems":true},"in2DMode":false,"pivot":{"x":8.344650268554688e-7,"y":0.7934983968734741,"z":0.06186254322528839},"rotation":{"x":-0.3044360280036926,"y":-0.12187057733535767,"z":0.03931295871734619,"w":-0.9438859820365906},"size":4.63745641708374,"orthographic":false}