{"cameraMode":{"drawMode":0,"name":"Shaded","section":"Shading Mode"},"sceneLighting":false,"audioPlay":false,"sceneViewState":{"showFog":true,"showMaterialUpdate":true,"showSkybox":true,"showFlares":true,"showImageEffects":true,"showParticleSystems":true},"in2DMode":false,"pivot":{"x":0.023505493998527528,"y":1.606528878211975,"z":0.08195096254348755},"rotation":{"x":0.010770284570753575,"y":-0.9167423844337463,"z":0.024756694212555887,"w":0.39856570959091189},"size":0.568899393081665,"orthographic":false}