{"cameraMode":{"drawMode":0,"name":"Shaded","section":"Shading Mode"},"sceneLighting":false,"audioPlay":false,"sceneViewState":{"showFog":true,"showMaterialUpdate":true,"showSkybox":true,"showFlares":true,"showImageEffects":true,"showParticleSystems":true},"in2DMode":false,"pivot":{"x":0.0,"y":-0.03821149468421936,"z":4.76837158203125e-7},"rotation":{"x":0.44462481141090395,"y":0.26059749722480776,"z":-0.13693532347679139,"w":0.8459588885307312},"size":2.321711540222168,"orthographic":false}