{"cameraMode":{"drawMode":0,"name":"Shaded","section":"Shading Mode"},"sceneLighting":false,"audioPlay":false,"sceneViewState":{"showFog":true,"showMaterialUpdate":true,"showSkybox":true,"showFlares":true,"showImageEffects":true,"showParticleSystems":true},"in2DMode":false,"pivot":{"x":4.991888999938965e-7,"y":0.0356689989566803,"z":0.06484749913215637},"rotation":{"x":-0.2976439595222473,"y":-0.44055965542793276,"z":0.1575840711593628,"w":-0.8321553468704224},"size":1.3263063430786133,"orthographic":false}