{"cameraMode":{"drawMode":0,"name":"Shaded","section":"Shading Mode"},"sceneLighting":false,"audioPlay":false,"sceneViewState":{"showFog":true,"showMaterialUpdate":true,"showSkybox":true,"showFlares":true,"showImageEffects":true,"showParticleSystems":true},"in2DMode":false,"pivot":{"x":-0.0001675039529800415,"y":-0.0001675039529800415,"z":0.029101504012942315},"rotation":{"x":-0.19644984602928163,"y":-0.05009755492210388,"z":0.010075509548187256,"w":-0.9791813492774963},"size":0.4135264754295349,"orthographic":false}