{"cameraMode":{"drawMode":0,"name":"Shaded","section":"Shading Mode"},"sceneLighting":false,"audioPlay":false,"sceneViewState":{"showFog":true,"showMaterialUpdate":true,"showSkybox":true,"showFlares":true,"showImageEffects":true,"showParticleSystems":true},"in2DMode":false,"pivot":{"x":-0.002336498349905014,"y":0.03368900716304779,"z":0.43455201387405398},"rotation":{"x":-0.08816170692443848,"y":-0.07028608024120331,"z":0.006258117035031319,"w":-0.9936037063598633},"size":1.0224275588989258,"orthographic":false}