{"cameraMode":{"drawMode":0,"name":"Shaded","section":"Shading Mode"},"sceneLighting":false,"audioPlay":false,"sceneViewState":{"showFog":true,"showMaterialUpdate":true,"showSkybox":true,"showFlares":true,"showImageEffects":true,"showParticleSystems":true},"in2DMode":false,"pivot":{"x":-0.06866651773452759,"y":0.43018651008605959,"z":0.06842297315597534},"rotation":{"x":-0.11468945443630219,"y":0.782306969165802,"z":-0.15104487538337708,"w":-0.5933191776275635},"size":2.486788034439087,"orthographic":false}