{"cameraMode":{"drawMode":0,"name":"Shaded","section":"Shading Mode"},"sceneLighting":false,"audioPlay":false,"sceneViewState":{"showFog":true,"showMaterialUpdate":true,"showSkybox":true,"showFlares":true,"showImageEffects":true,"showParticleSystems":true},"in2DMode":false,"pivot":{"x":-0.22472167015075684,"y":0.1994030475616455,"z":-0.8442955017089844},"rotation":{"x":-0.23137006163597108,"y":-0.2664547264575958,"z":0.06605641543865204,"w":-0.9333308339118958},"size":-0.1008099913597107,"orthographic":false}