{"cameraMode":{"drawMode":0,"name":"Shaded","section":"Shading Mode"},"sceneLighting":false,"audioPlay":false,"sceneViewState":{"showFog":true,"showMaterialUpdate":true,"showSkybox":true,"showFlares":true,"showImageEffects":true,"showParticleSystems":true},"in2DMode":false,"pivot":{"x":0.0000013113021850585938,"y":0.9339147806167603,"z":-0.001266390085220337},"rotation":{"x":0.04061499238014221,"y":-0.9346411824226379,"z":0.3346211016178131,"w":0.11324773728847504},"size":4.4668354988098148,"orthographic":false}