{"cameraMode":{"drawMode":0,"name":"Shaded","section":"Shading Mode"},"sceneLighting":false,"audioPlay":false,"sceneViewState":{"showFog":true,"showMaterialUpdate":true,"showSkybox":true,"showFlares":true,"showImageEffects":true,"showParticleSystems":true},"in2DMode":false,"pivot":{"x":-0.009815499186515808,"y":0.06278938055038452,"z":-0.023505493998527528},"rotation":{"x":0.005967505741864443,"y":-0.9915847182273865,"z":0.049429718405008319,"w":0.11950245499610901},"size":0.46308305859565737,"orthographic":false}