{"cameraMode":{"drawMode":0,"name":"Shaded","section":"Shading Mode"},"sceneLighting":false,"audioPlay":false,"sceneViewState":{"showFog":true,"showMaterialUpdate":true,"showSkybox":true,"showFlares":true,"showImageEffects":true,"showParticleSystems":true},"in2DMode":false,"pivot":{"x":0.1397019922733307,"y":0.00753416121006012,"z":0.31410080194473269},"rotation":{"x":0.05978184938430786,"y":0.860404372215271,"z":-0.10407236218452454,"w":0.49527719616889956},"size":0.611700177192688,"orthographic":false}