{"cameraMode":{"drawMode":0,"name":"Shaded","section":"Shading Mode"},"sceneLighting":false,"audioPlay":false,"sceneViewState":{"showFog":true,"showMaterialUpdate":true,"showSkybox":true,"showFlares":true,"showImageEffects":true,"showParticleSystems":true},"in2DMode":false,"pivot":{"x":-0.0014140009880065919,"y":0.03258499503135681,"z":0.43455201387405398},"rotation":{"x":-0.12314195930957794,"y":-0.1277647167444229,"z":0.016009051352739335,"w":-0.9839999675750732},"size":0.7650396227836609,"orthographic":false}