{"cameraMode":{"drawMode":0,"name":"Shaded","section":"Shading Mode"},"sceneLighting":false,"audioPlay":false,"sceneViewState":{"showFog":true,"showMaterialUpdate":true,"showSkybox":true,"showFlares":true,"showImageEffects":true,"showParticleSystems":true},"in2DMode":false,"pivot":{"x":0.0,"y":-0.03821149468421936,"z":4.76837158203125e-7},"rotation":{"x":-0.14293144643306733,"y":0.8542766571044922,"z":-0.3885962665081024,"w":-0.31428486108779909},"size":2.5538041591644289,"orthographic":false}