{"cameraMode":{"drawMode":0,"name":"Shaded","section":"Shading Mode"},"sceneLighting":false,"audioPlay":false,"sceneViewState":{"showFog":true,"showMaterialUpdate":true,"showSkybox":true,"showFlares":true,"showImageEffects":true,"showParticleSystems":true},"in2DMode":false,"pivot":{"x":-0.32138240337371828,"y":0.00006309151649475098,"z":8.344650268554688e-7},"rotation":{"x":0.04206131771206856,"y":-0.9574025869369507,"z":0.21792419254779817,"w":0.18471671640872956},"size":2.950514316558838,"orthographic":false}