{"cameraMode":{"drawMode":0,"name":"Shaded","section":"Shading Mode"},"sceneLighting":false,"audioPlay":false,"sceneViewState":{"showFog":true,"showMaterialUpdate":true,"showSkybox":true,"showFlares":true,"showImageEffects":true,"showParticleSystems":true},"in2DMode":false,"pivot":{"x":-0.06800000369548798,"y":0.21799999475479127,"z":0.30300000309944155},"rotation":{"x":-0.06274358928203583,"y":-0.8195457458496094,"z":0.09166371077299118,"w":-0.5621439814567566},"size":0.5437670946121216,"orthographic":false}