{"cameraMode":{"drawMode":0,"name":"Shaded","section":"Shading Mode"},"sceneLighting":false,"audioPlay":false,"sceneViewState":{"showFog":true,"showMaterialUpdate":true,"showSkybox":true,"showFlares":true,"showImageEffects":true,"showParticleSystems":true},"in2DMode":false,"pivot":{"x":-0.0014260001480579377,"y":0.04064450040459633,"z":0.41318845748901369},"rotation":{"x":-0.09076166152954102,"y":-0.704183042049408,"z":0.09159292280673981,"w":-0.6982116103172302},"size":1.284149408340454,"orthographic":false}