{"cameraMode":{"drawMode":0,"name":"Shaded","section":"Shading Mode"},"sceneLighting":false,"audioPlay":false,"sceneViewState":{"showFog":true,"showMaterialUpdate":true,"showSkybox":true,"showFlares":true,"showImageEffects":true,"showParticleSystems":true},"in2DMode":false,"pivot":{"x":-0.0001675039529800415,"y":-0.0001675039529800415,"z":0.029101504012942315},"rotation":{"x":-0.08228160440921784,"y":-0.2666288912296295,"z":0.02285674586892128,"w":-0.9600085616111755},"size":0.4135264754295349,"orthographic":false}