{"cameraMode":{"drawMode":0,"name":"Shaded","section":"Shading Mode"},"sceneLighting":false,"audioPlay":false,"sceneViewState":{"showFog":true,"showMaterialUpdate":true,"showSkybox":true,"showFlares":true,"showImageEffects":true,"showParticleSystems":true},"in2DMode":false,"pivot":{"x":4.991888999938965e-7,"y":0.0356689989566803,"z":0.06484749913215637},"rotation":{"x":-0.0842614397406578,"y":-0.474263459444046,"z":0.04569035768508911,"w":-0.8751494884490967},"size":1.3263063430786133,"orthographic":false}