{"cameraMode":{"drawMode":0,"name":"Shaded","section":"Shading Mode"},"sceneLighting":false,"audioPlay":false,"sceneViewState":{"showFog":true,"showMaterialUpdate":true,"showSkybox":true,"showFlares":true,"showImageEffects":true,"showParticleSystems":true},"in2DMode":false,"pivot":{"x":0.0,"y":0.12668901681900025,"z":-0.502606987953186},"rotation":{"x":0.4794001877307892,"y":0.10173587501049042,"z":-0.056029655039310458,"w":0.8698769807815552},"size":5.108026027679443,"orthographic":false}