{"cameraMode":{"drawMode":0,"name":"Shaded","section":"Shading Mode"},"sceneLighting":false,"audioPlay":false,"sceneViewState":{"showFog":true,"showMaterialUpdate":true,"showSkybox":true,"showFlares":true,"showImageEffects":true,"showParticleSystems":true},"in2DMode":false,"pivot":{"x":0.1888848841190338,"y":-0.05693168565630913,"z":0.2628820538520813},"rotation":{"x":-0.18981148302555085,"y":-0.3036898076534271,"z":0.061896298080682757,"w":-0.9316184520721436},"size":0.5293947458267212,"orthographic":false}