{"cameraMode":{"drawMode":0,"name":"Shaded","section":"Shading Mode"},"sceneLighting":false,"audioPlay":false,"sceneViewState":{"showFog":true,"showMaterialUpdate":true,"showSkybox":true,"showFlares":true,"showImageEffects":true,"showParticleSystems":true},"in2DMode":false,"pivot":{"x":4.991888999938965e-7,"y":0.0356689989566803,"z":0.06484749913215637},"rotation":{"x":-0.3681528866291046,"y":-0.3031044006347656,"z":0.12833485007286073,"w":-0.8695523738861084},"size":0.7263063788414002,"orthographic":false}