{"cameraMode":{"drawMode":0,"name":"Shaded","section":"Shading Mode"},"sceneLighting":false,"audioPlay":false,"sceneViewState":{"showFog":true,"showMaterialUpdate":true,"showSkybox":true,"showFlares":true,"showImageEffects":true,"showParticleSystems":true},"in2DMode":false,"pivot":{"x":0.0,"y":0.10899999737739563,"z":0.29100000858306887},"rotation":{"x":-0.0069405934773385529,"y":-0.724034309387207,"z":-0.007460844703018665,"w":0.6896887421607971},"size":0.5516084432601929,"orthographic":false}