{"cameraMode":{"drawMode":0,"name":"Shaded","section":"Shading Mode"},"sceneLighting":false,"audioPlay":false,"sceneViewState":{"showFog":true,"showMaterialUpdate":true,"showSkybox":true,"showFlares":true,"showImageEffects":true,"showParticleSystems":true},"in2DMode":false,"pivot":{"x":8.344650268554688e-7,"y":0.8230108022689819,"z":0.05299772322177887},"rotation":{"x":-0.03011994995176792,"y":0.9697629809379578,"z":-0.1788703352212906,"w":-0.16327284276485444},"size":4.4649810791015629,"orthographic":false}