{"cameraMode":{"drawMode":0,"name":"Shaded","section":"Shading Mode"},"sceneLighting":false,"audioPlay":false,"sceneViewState":{"showFog":true,"showMaterialUpdate":true,"showSkybox":true,"showFlares":true,"showImageEffects":true,"showParticleSystems":true},"in2DMode":false,"pivot":{"x":0.03035411238670349,"y":1.634549617767334,"z":0.06310757994651795},"rotation":{"x":-0.0237038042396307,"y":0.9709417223930359,"z":-0.10852237790822983,"w":-0.21197453141212464},"size":1.2105923891067505,"orthographic":false}