{"cameraMode":{"drawMode":0,"name":"Shaded","section":"Shading Mode"},"sceneLighting":true,"audioPlay":false,"sceneViewState":{"showFog":true,"showMaterialUpdate":true,"showSkybox":true,"showFlares":true,"showImageEffects":true,"showParticleSystems":true},"in2DMode":false,"pivot":{"x":0.0,"y":-0.03821149468421936,"z":4.76837158203125e-7},"rotation":{"x":0.22921933233737946,"y":-0.01754564233124256,"z":0.004015977494418621,"w":0.9732083678245544},"size":1.757333755493164,"orthographic":false}