{"cameraMode":{"drawMode":0,"name":"Shaded","section":"Shading Mode"},"sceneLighting":false,"audioPlay":false,"sceneViewState":{"showFog":true,"showMaterialUpdate":true,"showSkybox":true,"showFlares":true,"showImageEffects":true,"showParticleSystems":true},"in2DMode":false,"pivot":{"x":-0.0008020028471946716,"y":0.02528250217437744,"z":0.1866215169429779},"rotation":{"x":-0.20338307321071626,"y":-0.24746187031269074,"z":0.05321621894836426,"w":-0.9458150267601013},"size":1.1272786855697632,"orthographic":false}