{"cameraMode":{"drawMode":0,"name":"Shaded","section":"Shading Mode"},"sceneLighting":false,"audioPlay":false,"sceneViewState":{"showFog":true,"showMaterialUpdate":true,"showSkybox":true,"showFlares":true,"showImageEffects":true,"showParticleSystems":true},"in2DMode":false,"pivot":{"x":-0.0014140009880065919,"y":0.03258499503135681,"z":0.43455201387405398},"rotation":{"x":-0.05685407668352127,"y":-0.0629764199256897,"z":0.003613121807575226,"w":-0.996387779712677},"size":0.7650396227836609,"orthographic":false}