{"cameraMode":{"drawMode":0,"name":"Shaded","section":"Shading Mode"},"sceneLighting":false,"audioPlay":false,"sceneViewState":{"showFog":true,"showMaterialUpdate":true,"showSkybox":true,"showFlares":true,"showImageEffects":true,"showParticleSystems":true},"in2DMode":false,"pivot":{"x":0.0874360203742981,"y":0.17479950189590455,"z":0.02256399393081665},"rotation":{"x":-0.11468945443630219,"y":0.782306969165802,"z":-0.15104487538337708,"w":-0.5933191776275635},"size":2.4690163135528566,"orthographic":false}