{"cameraMode":{"drawMode":0,"name":"Shaded","section":"Shading Mode"},"sceneLighting":false,"audioPlay":false,"sceneViewState":{"showFog":true,"showMaterialUpdate":true,"showSkybox":true,"showFlares":true,"showImageEffects":true,"showParticleSystems":true},"in2DMode":false,"pivot":{"x":-0.11132103204727173,"y":0.23473070561885835,"z":-0.17189866304397584},"rotation":{"x":0.11554938554763794,"y":0.006257912144064903,"z":-0.0007940147188492119,"w":0.9932817220687866},"size":0.5594769716262817,"orthographic":false}