{"cameraMode":{"drawMode":0,"name":"Shaded","section":"Shading Mode"},"sceneLighting":false,"audioPlay":false,"sceneViewState":{"showFog":true,"showMaterialUpdate":true,"showSkybox":true,"showFlares":true,"showImageEffects":true,"showParticleSystems":true},"in2DMode":false,"pivot":{"x":1.1920928955078126e-7,"y":-1.1920928955078126e-7,"z":0.0},"rotation":{"x":0.058419372886419299,"y":0.040732674300670627,"z":-0.002390445675700903,"w":0.9974579811096191},"size":3.847975969314575,"orthographic":false}