{"cameraMode":{"drawMode":0,"name":"Shaded","section":"Shading Mode"},"sceneLighting":false,"audioPlay":false,"sceneViewState":{"showFog":true,"showMaterialUpdate":true,"showSkybox":true,"showFlares":true,"showImageEffects":true,"showParticleSystems":true},"in2DMode":false,"pivot":{"x":0.0,"y":-0.04754215478897095,"z":0.12797600030899049},"rotation":{"x":-0.08694439381361008,"y":0.5753721594810486,"z":-0.06169012561440468,"w":-0.810914158821106},"size":0.27831313014030459,"orthographic":false}