{"cameraMode":{"drawMode":0,"name":"Shaded","section":"Shading Mode"},"sceneLighting":false,"audioPlay":false,"sceneViewState":{"showFog":true,"showMaterialUpdate":true,"showSkybox":true,"showFlares":true,"showImageEffects":true,"showParticleSystems":true},"in2DMode":false,"pivot":{"x":0.0,"y":0.044774770736694339,"z":0.07759284973144531},"rotation":{"x":-0.018345018848776819,"y":0.9788451790809631,"z":-0.10167289525270462,"w":-0.17660191655158997},"size":0.36431893706321719,"orthographic":false}