{"cameraMode":{"drawMode":0,"name":"Shaded","section":"Shading Mode"},"sceneLighting":false,"audioPlay":false,"sceneViewState":{"showFog":true,"showMaterialUpdate":true,"showSkybox":true,"showFlares":true,"showImageEffects":true,"showParticleSystems":true},"in2DMode":false,"pivot":{"x":4.690000057220459,"y":3.4100000858306886,"z":-20.58981704711914},"rotation":{"x":0.14594531059265138,"y":0.2582206726074219,"z":-0.03961464762687683,"w":0.9541764855384827},"size":0.9000565409660339,"orthographic":false}