{"cameraMode":{"drawMode":0,"name":"Shaded","section":"Shading Mode"},"sceneLighting":false,"audioPlay":false,"sceneViewState":{"showFog":true,"showMaterialUpdate":true,"showSkybox":true,"showFlares":true,"showImageEffects":true,"showParticleSystems":true},"in2DMode":false,"pivot":{"x":0.0,"y":0.11299999803304672,"z":0.5889999866485596},"rotation":{"x":-0.08425099402666092,"y":0.893065869808197,"z":-0.18779563903808595,"w":-0.4000849723815918},"size":0.5460680723190308,"orthographic":false}