{"cameraMode":{"drawMode":0,"name":"Shaded","section":"Shading Mode"},"sceneLighting":false,"audioPlay":false,"sceneViewState":{"showFog":true,"showMaterialUpdate":true,"showSkybox":true,"showFlares":true,"showImageEffects":true,"showParticleSystems":true},"in2DMode":false,"pivot":{"x":0.4000622034072876,"y":-0.049728840589523318,"z":0.0000012218952178955079},"rotation":{"x":0.04206131771206856,"y":-0.9574025869369507,"z":0.21792419254779817,"w":0.18471671640872956},"size":2.019313097000122,"orthographic":false}