{"cameraMode":{"drawMode":0,"name":"Shaded","section":"Shading Mode"},"sceneLighting":false,"audioPlay":false,"sceneViewState":{"showFog":true,"showMaterialUpdate":true,"showSkybox":true,"showFlares":true,"showImageEffects":true,"showParticleSystems":true},"in2DMode":false,"pivot":{"x":-0.031000003218650819,"y":1.2200000286102296,"z":-0.03799998760223389},"rotation":{"x":0.05204770714044571,"y":0.2824734151363373,"z":-0.015419977717101574,"w":0.9577379822731018},"size":4.315310001373291,"orthographic":false}