{"cameraMode":{"drawMode":0,"name":"Shaded","section":"Shading Mode"},"sceneLighting":false,"audioPlay":false,"sceneViewState":{"showFog":true,"showMaterialUpdate":true,"showSkybox":true,"showFlares":true,"showImageEffects":true,"showParticleSystems":true},"in2DMode":false,"pivot":{"x":-0.02820497751235962,"y":0.24352650344371797,"z":0.0},"rotation":{"x":-0.11468945443630219,"y":0.782306969165802,"z":-0.15104487538337708,"w":-0.5933191776275635},"size":2.6907079219818117,"orthographic":false}