{"cameraMode":{"drawMode":0,"name":"Shaded","section":"Shading Mode"},"sceneLighting":false,"audioPlay":false,"sceneViewState":{"showFog":true,"showMaterialUpdate":true,"showSkybox":true,"showFlares":true,"showImageEffects":true,"showParticleSystems":true},"in2DMode":false,"pivot":{"x":-0.09300000220537186,"y":0.17900000512599946,"z":0.9319999814033508},"rotation":{"x":0.24366781115531922,"y":-0.6863929033279419,"z":0.2644212245941162,"w":0.6321173310279846},"size":0.39688944816589358,"orthographic":false}