{"cameraMode":{"drawMode":0,"name":"Shaded","section":"Shading Mode"},"sceneLighting":false,"audioPlay":false,"sceneViewState":{"showFog":true,"showMaterialUpdate":true,"showSkybox":true,"showFlares":true,"showImageEffects":true,"showParticleSystems":true},"in2DMode":false,"pivot":{"x":0.01906599849462509,"y":0.3950185179710388,"z":-0.0014120005071163178},"rotation":{"x":0.1438954472541809,"y":0.5390901565551758,"z":-0.09412696957588196,"w":0.8245096206665039},"size":1.4939262866973878,"orthographic":false}